DIA_file	individual_id	directory
20190925_QX0_AsJa_SA_AMLpatientsLFQProteome_DIA_sample226.raw	F99	/data1/kentsisa/AML_proteogenomics/AML_Proteogenomic_Oellerich_PMID35245447/PXD023201
20191126_QX0_AsJa_SA_AMLpatientsLFQProteome_DIA_sample285.raw	F98	/data1/kentsisa/AML_proteogenomics/AML_Proteogenomic_Oellerich_PMID35245447/PXD023201
20191126_QX0_AsJa_SA_AMLpatientsLFQProteome_DIA_sample291.raw	F97	/data1/kentsisa/AML_proteogenomics/AML_Proteogenomic_Oellerich_PMID35245447/PXD023201
20191126_QX0_AsJa_SA_AMLpatientsLFQProteome_DIA_sample288.raw	F96	/data1/kentsisa/AML_proteogenomics/AML_Proteogenomic_Oellerich_PMID35245447/PXD023201
20191126_QX0_AsJa_SA_AMLpatientsLFQProteome_DIA_sample281.raw	F95	/data1/kentsisa/AML_proteogenomics/AML_Proteogenomic_Oellerich_PMID35245447/PXD023201
20190919_QX0_AsJa_SA_AMLpatientsLFQProteome_DIA_sample104.raw	F94	/data1/kentsisa/AML_proteogenomics/AML_Proteogenomic_Oellerich_PMID35245447/PXD023201
20191126_QX0_AsJa_SA_AMLpatientsLFQProteome_DIA_sample279.raw	F93	/data1/kentsisa/AML_proteogenomics/AML_Proteogenomic_Oellerich_PMID35245447/PXD023201
20200310_QX4_AsJa_SA_AMLpatientsLFQproteome_DIA_AML277.raw	F92	/data1/kentsisa/AML_proteogenomics/AML_Proteogenomic_Oellerich_PMID35245447/PXD023201
20191126_QX0_AsJa_SA_AMLpatientsLFQProteome_DIA_sample276.raw	F91	/data1/kentsisa/AML_proteogenomics/AML_Proteogenomic_Oellerich_PMID35245447/PXD023201
20191126_QX0_AsJa_SA_AMLpatientsLFQProteome_DIA_sample274.raw	F90	/data1/kentsisa/AML_proteogenomics/AML_Proteogenomic_Oellerich_PMID35245447/PXD023201
20190925_QX0_AsJa_SA_AMLpatientsLFQProteome_DIA_sample130.raw	F9	/data1/kentsisa/AML_proteogenomics/AML_Proteogenomic_Oellerich_PMID35245447/PXD023201
20191126_QX0_AsJa_SA_AMLpatientsLFQProteome_DIA_sample273.raw	F89	/data1/kentsisa/AML_proteogenomics/AML_Proteogenomic_Oellerich_PMID35245447/PXD023201
20200326_QX0_AsJa_SA_AMLpatientsLFQProteome_DIA_AML385.raw	F85	/data1/kentsisa/AML_proteogenomics/AML_Proteogenomic_Oellerich_PMID35245447/PXD023201
20200310_QX4_AsJa_SA_AMLpatientsLFQproteome_DIA_AML376.raw	F84	/data1/kentsisa/AML_proteogenomics/AML_Proteogenomic_Oellerich_PMID35245447/PXD023201
20200310_QX4_AsJa_SA_AMLpatientsLFQproteome_DIA_AML378.raw	F83	/data1/kentsisa/AML_proteogenomics/AML_Proteogenomic_Oellerich_PMID35245447/PXD023201
20200310_QX4_AsJa_SA_AMLpatientsLFQproteome_DIA_AML379.raw	F81	/data1/kentsisa/AML_proteogenomics/AML_Proteogenomic_Oellerich_PMID35245447/PXD023201
20200310_QX4_AsJa_SA_AMLpatientsLFQproteome_DIA_AML377.raw	F80	/data1/kentsisa/AML_proteogenomics/AML_Proteogenomic_Oellerich_PMID35245447/PXD023201
20191126_QX0_AsJa_SA_AMLpatientsLFQProteome_DIA_sample329.raw	F8	/data1/kentsisa/AML_proteogenomics/AML_Proteogenomic_Oellerich_PMID35245447/PXD023201
20191126_QX0_AsJa_SA_AMLpatientsLFQProteome_DIA_sample315.raw	F79	/data1/kentsisa/AML_proteogenomics/AML_Proteogenomic_Oellerich_PMID35245447/PXD023201
20191126_QX0_AsJa_SA_AMLpatientsLFQProteome_DIA_sample269.raw	F78	/data1/kentsisa/AML_proteogenomics/AML_Proteogenomic_Oellerich_PMID35245447/PXD023201
20191126_QX0_AsJa_SA_AMLpatientsLFQProteome_DIA_sample268.raw	F77	/data1/kentsisa/AML_proteogenomics/AML_Proteogenomic_Oellerich_PMID35245447/PXD023201
20191126_QX0_AsJa_SA_AMLpatientsLFQProteome_DIA_sample264.raw	F76	/data1/kentsisa/AML_proteogenomics/AML_Proteogenomic_Oellerich_PMID35245447/PXD023201
20191126_QX0_AsJa_SA_AMLpatientsLFQProteome_DIA_sample262.raw	F75	/data1/kentsisa/AML_proteogenomics/AML_Proteogenomic_Oellerich_PMID35245447/PXD023201
20191126_QX0_AsJa_SA_AMLpatientsLFQProteome_DIA_sample374.raw	F73	/data1/kentsisa/AML_proteogenomics/AML_Proteogenomic_Oellerich_PMID35245447/PXD023201
20191126_QX0_AsJa_SA_AMLpatientsLFQProteome_DIA_sample350.raw	F72	/data1/kentsisa/AML_proteogenomics/AML_Proteogenomic_Oellerich_PMID35245447/PXD023201
20191126_QX0_AsJa_SA_AMLpatientsLFQProteome_DIA_sample319.raw	F71	/data1/kentsisa/AML_proteogenomics/AML_Proteogenomic_Oellerich_PMID35245447/PXD023201
20190925_QX0_AsJa_SA_AMLpatientsLFQProteome_DIA_sample199.raw	F70	/data1/kentsisa/AML_proteogenomics/AML_Proteogenomic_Oellerich_PMID35245447/PXD023201
20190919_QX0_AsJa_SA_AMLpatientsLFQProteome_DIA_sample138.raw	F7	/data1/kentsisa/AML_proteogenomics/AML_Proteogenomic_Oellerich_PMID35245447/PXD023201
20191126_QX0_AsJa_SA_AMLpatientsLFQProteome_DIA_sample327.raw	F69	/data1/kentsisa/AML_proteogenomics/AML_Proteogenomic_Oellerich_PMID35245447/PXD023201
20191126_QX0_AsJa_SA_AMLpatientsLFQProteome_DIA_sample318.raw	F68	/data1/kentsisa/AML_proteogenomics/AML_Proteogenomic_Oellerich_PMID35245447/PXD023201
20191126_QX0_AsJa_SA_AMLpatientsLFQProteome_DIA_sample368.raw	F67	/data1/kentsisa/AML_proteogenomics/AML_Proteogenomic_Oellerich_PMID35245447/PXD023201
20200310_QX4_AsJa_SA_AMLpatientsLFQproteome_DIA_AML208.raw	F66	/data1/kentsisa/AML_proteogenomics/AML_Proteogenomic_Oellerich_PMID35245447/PXD023201
20190919_QX0_AsJa_SA_AMLpatientsLFQProteome_DIA_sample102.raw	F65	/data1/kentsisa/AML_proteogenomics/AML_Proteogenomic_Oellerich_PMID35245447/PXD023201
20191126_QX0_AsJa_SA_AMLpatientsLFQProteome_DIA_sample361.raw	F63	/data1/kentsisa/AML_proteogenomics/AML_Proteogenomic_Oellerich_PMID35245447/PXD023201
20191126_QX0_AsJa_SA_AMLpatientsLFQProteome_DIA_sample362.raw	F62	/data1/kentsisa/AML_proteogenomics/AML_Proteogenomic_Oellerich_PMID35245447/PXD023201
20191126_QX0_AsJa_SA_AMLpatientsLFQProteome_DIA_sample354.raw	F61	/data1/kentsisa/AML_proteogenomics/AML_Proteogenomic_Oellerich_PMID35245447/PXD023201
20190925_QX0_AsJa_SA_AMLpatientsLFQProteome_DIA_sample219.raw	F60	/data1/kentsisa/AML_proteogenomics/AML_Proteogenomic_Oellerich_PMID35245447/PXD023201
20191126_QX0_AsJa_SA_AMLpatientsLFQProteome_DIA_sample321.raw	F6	/data1/kentsisa/AML_proteogenomics/AML_Proteogenomic_Oellerich_PMID35245447/PXD023201
20190919_QX0_AsJa_SA_AMLpatientsLFQProteome_DIA_sample103.raw	F59	/data1/kentsisa/AML_proteogenomics/AML_Proteogenomic_Oellerich_PMID35245447/PXD023201
20191126_QX0_AsJa_SA_AMLpatientsLFQProteome_DIA_sample330.raw	F58	/data1/kentsisa/AML_proteogenomics/AML_Proteogenomic_Oellerich_PMID35245447/PXD023201
20191126_QX0_AsJa_SA_AMLpatientsLFQProteome_DIA_sample322.raw	F57	/data1/kentsisa/AML_proteogenomics/AML_Proteogenomic_Oellerich_PMID35245447/PXD023201
20191126_QX0_AsJa_SA_AMLpatientsLFQProteome_DIA_sample347.raw	F56	/data1/kentsisa/AML_proteogenomics/AML_Proteogenomic_Oellerich_PMID35245447/PXD023201
20191126_QX0_AsJa_SA_AMLpatientsLFQProteome_DIA_sample339.raw	F55	/data1/kentsisa/AML_proteogenomics/AML_Proteogenomic_Oellerich_PMID35245447/PXD023201
20190925_QX0_AsJa_SA_AMLpatientsLFQProteome_DIA_sample227.raw	F54	/data1/kentsisa/AML_proteogenomics/AML_Proteogenomic_Oellerich_PMID35245447/PXD023201
20191126_QX0_AsJa_SA_AMLpatientsLFQProteome_DIA_sample238.raw	F53	/data1/kentsisa/AML_proteogenomics/AML_Proteogenomic_Oellerich_PMID35245447/PXD023201
20191126_QX0_AsJa_SA_AMLpatientsLFQProteome_DIA_sample364.raw	F52	/data1/kentsisa/AML_proteogenomics/AML_Proteogenomic_Oellerich_PMID35245447/PXD023201
20190925_QX0_AsJa_SA_AMLpatientsLFQProteome_DIA_sample179.raw	F51	/data1/kentsisa/AML_proteogenomics/AML_Proteogenomic_Oellerich_PMID35245447/PXD023201
20191126_QX0_AsJa_SA_AMLpatientsLFQProteome_DIA_sample340.raw	F50	/data1/kentsisa/AML_proteogenomics/AML_Proteogenomic_Oellerich_PMID35245447/PXD023201
20191126_QX0_AsJa_SA_AMLpatientsLFQProteome_DIA_sample336.raw	F5	/data1/kentsisa/AML_proteogenomics/AML_Proteogenomic_Oellerich_PMID35245447/PXD023201
20191126_QX0_AsJa_SA_AMLpatientsLFQProteome_DIA_sample324.raw	F49	/data1/kentsisa/AML_proteogenomics/AML_Proteogenomic_Oellerich_PMID35245447/PXD023201
20200218_QX4_AsJa_SA_AMLpatientsLFQproteome_DIA_AML352.raw	F47	/data1/kentsisa/AML_proteogenomics/AML_Proteogenomic_Oellerich_PMID35245447/PXD023201
20191126_QX0_AsJa_SA_AMLpatientsLFQProteome_DIA_sample341.raw	F46	/data1/kentsisa/AML_proteogenomics/AML_Proteogenomic_Oellerich_PMID35245447/PXD023201
20191126_QX0_AsJa_SA_AMLpatientsLFQProteome_DIA_sample333.raw	F45	/data1/kentsisa/AML_proteogenomics/AML_Proteogenomic_Oellerich_PMID35245447/PXD023201
20191126_QX0_AsJa_SA_AMLpatientsLFQProteome_DIA_sample328.raw	F44	/data1/kentsisa/AML_proteogenomics/AML_Proteogenomic_Oellerich_PMID35245447/PXD023201
20191126_QX0_AsJa_SA_AMLpatientsLFQProteome_DIA_sample280.raw	F42	/data1/kentsisa/AML_proteogenomics/AML_Proteogenomic_Oellerich_PMID35245447/PXD023201
20190925_QX0_AsJa_SA_AMLpatientsLFQProteome_DIA_sample126.raw	F4	/data1/kentsisa/AML_proteogenomics/AML_Proteogenomic_Oellerich_PMID35245447/PXD023201
20190919_QX0_AsJa_SA_AMLpatientsLFQProteome_DIA_sample153.raw	F38	/data1/kentsisa/AML_proteogenomics/AML_Proteogenomic_Oellerich_PMID35245447/PXD023201
20191126_QX0_AsJa_SA_AMLpatientsLFQProteome_DIA_sample267.raw	F37	/data1/kentsisa/AML_proteogenomics/AML_Proteogenomic_Oellerich_PMID35245447/PXD023201
20190919_QX0_AsJa_SA_AMLpatientsLFQProteome_DIA_sample132.raw	F35	/data1/kentsisa/AML_proteogenomics/AML_Proteogenomic_Oellerich_PMID35245447/PXD023201
20191126_QX0_AsJa_SA_AMLpatientsLFQProteome_DIA_sample360.raw	F34	/data1/kentsisa/AML_proteogenomics/AML_Proteogenomic_Oellerich_PMID35245447/PXD023201
20191126_QX0_AsJa_SA_AMLpatientsLFQProteome_DIA_sample335.raw	F33	/data1/kentsisa/AML_proteogenomics/AML_Proteogenomic_Oellerich_PMID35245447/PXD023201
20190919_QX0_AsJa_SA_AMLpatientsLFQProteome_DIA_sample127.raw	F32	/data1/kentsisa/AML_proteogenomics/AML_Proteogenomic_Oellerich_PMID35245447/PXD023201
20200326_QX0_AsJa_SA_AMLpatientsLFQProteome_DIA_AML386.raw	F31	/data1/kentsisa/AML_proteogenomics/AML_Proteogenomic_Oellerich_PMID35245447/PXD023201
20190919_QX0_AsJa_SA_AMLpatientsLFQProteome_DIA_sample111.raw	F29	/data1/kentsisa/AML_proteogenomics/AML_Proteogenomic_Oellerich_PMID35245447/PXD023201
20200218_QX4_AsJa_SA_AMLpatientsLFQproteome_DIA_AML243.raw	F28	/data1/kentsisa/AML_proteogenomics/AML_Proteogenomic_Oellerich_PMID35245447/PXD023201
20190919_QX0_AsJa_SA_AMLpatientsLFQProteome_DIA_sample131.raw	F27	/data1/kentsisa/AML_proteogenomics/AML_Proteogenomic_Oellerich_PMID35245447/PXD023201
20190925_QX0_AsJa_SA_AMLpatientsLFQProteome_DIA_sample213.raw	F26	/data1/kentsisa/AML_proteogenomics/AML_Proteogenomic_Oellerich_PMID35245447/PXD023201
20191126_QX0_AsJa_SA_AMLpatientsLFQProteome_DIA_sample286.raw	F25	/data1/kentsisa/AML_proteogenomics/AML_Proteogenomic_Oellerich_PMID35245447/PXD023201
20200310_QX4_AsJa_SA_AMLpatientsLFQproteome_DIA_AML371.raw	F23	/data1/kentsisa/AML_proteogenomics/AML_Proteogenomic_Oellerich_PMID35245447/PXD023201
20190925_QX0_AsJa_SA_AMLpatientsLFQProteome_DIA_sample216.raw	F22	/data1/kentsisa/AML_proteogenomics/AML_Proteogenomic_Oellerich_PMID35245447/PXD023201
20200326_QX0_AsJa_SA_AMLpatientsLFQProteome_DIA_AML383.raw	F21	/data1/kentsisa/AML_proteogenomics/AML_Proteogenomic_Oellerich_PMID35245447/PXD023201
20190925_QX0_AsJa_SA_AMLpatientsLFQProteome_DIA_sample198.raw	F20	/data1/kentsisa/AML_proteogenomics/AML_Proteogenomic_Oellerich_PMID35245447/PXD023201
20191126_QX0_AsJa_SA_AMLpatientsLFQProteome_DIA_sample351.raw	F2	/data1/kentsisa/AML_proteogenomics/AML_Proteogenomic_Oellerich_PMID35245447/PXD023201
20190925_QX0_AsJa_SA_AMLpatientsLFQProteome_DIA_sample135.raw	F18	/data1/kentsisa/AML_proteogenomics/AML_Proteogenomic_Oellerich_PMID35245447/PXD023201
20190925_QX0_AsJa_SA_AMLpatientsLFQProteome_DIA_sample232.raw	F179	/data1/kentsisa/AML_proteogenomics/AML_Proteogenomic_Oellerich_PMID35245447/PXD023201
20190925_QX0_AsJa_SA_AMLpatientsLFQProteome_DIA_sample222.raw	F177	/data1/kentsisa/AML_proteogenomics/AML_Proteogenomic_Oellerich_PMID35245447/PXD023201
20190925_QX0_AsJa_SA_AMLpatientsLFQProteome_DIA_sample217.raw	F176	/data1/kentsisa/AML_proteogenomics/AML_Proteogenomic_Oellerich_PMID35245447/PXD023201
20190925_QX0_AsJa_SA_AMLpatientsLFQProteome_DIA_sample193.raw	F174	/data1/kentsisa/AML_proteogenomics/AML_Proteogenomic_Oellerich_PMID35245447/PXD023201
20190925_QX0_AsJa_SA_AMLpatientsLFQProteome_DIA_sample202.raw	F173	/data1/kentsisa/AML_proteogenomics/AML_Proteogenomic_Oellerich_PMID35245447/PXD023201
20190925_QX0_AsJa_SA_AMLpatientsLFQProteome_DIA_sample204.raw	F172	/data1/kentsisa/AML_proteogenomics/AML_Proteogenomic_Oellerich_PMID35245447/PXD023201
20190925_QX0_AsJa_SA_AMLpatientsLFQProteome_DIA_sample212.raw	F171	/data1/kentsisa/AML_proteogenomics/AML_Proteogenomic_Oellerich_PMID35245447/PXD023201
20190925_QX0_AsJa_SA_AMLpatientsLFQProteome_DIA_sample224.raw	F169	/data1/kentsisa/AML_proteogenomics/AML_Proteogenomic_Oellerich_PMID35245447/PXD023201
20190925_QX0_AsJa_SA_AMLpatientsLFQProteome_DIA_sample194.raw	F168	/data1/kentsisa/AML_proteogenomics/AML_Proteogenomic_Oellerich_PMID35245447/PXD023201
20190925_QX0_AsJa_SA_AMLpatientsLFQProteome_DIA_sample195.raw	F167	/data1/kentsisa/AML_proteogenomics/AML_Proteogenomic_Oellerich_PMID35245447/PXD023201
20190925_QX0_AsJa_SA_AMLpatientsLFQProteome_DIA_sample176.raw	F166	/data1/kentsisa/AML_proteogenomics/AML_Proteogenomic_Oellerich_PMID35245447/PXD023201
20190925_QX0_AsJa_SA_AMLpatientsLFQProteome_DIA_sample175.raw	F165	/data1/kentsisa/AML_proteogenomics/AML_Proteogenomic_Oellerich_PMID35245447/PXD023201
20190925_QX0_AsJa_SA_AMLpatientsLFQProteome_DIA_sample209.raw	F163	/data1/kentsisa/AML_proteogenomics/AML_Proteogenomic_Oellerich_PMID35245447/PXD023201
20190925_QX0_AsJa_SA_AMLpatientsLFQProteome_DIA_sample173.raw	F162	/data1/kentsisa/AML_proteogenomics/AML_Proteogenomic_Oellerich_PMID35245447/PXD023201
20190925_QX0_AsJa_SA_AMLpatientsLFQProteome_DIA_sample190.raw	F161	/data1/kentsisa/AML_proteogenomics/AML_Proteogenomic_Oellerich_PMID35245447/PXD023201
20190925_QX0_AsJa_SA_AMLpatientsLFQProteome_DIA_sample206.raw	F160	/data1/kentsisa/AML_proteogenomics/AML_Proteogenomic_Oellerich_PMID35245447/PXD023201
20191126_QX0_AsJa_SA_AMLpatientsLFQProteome_DIA_sample282.raw	F16	/data1/kentsisa/AML_proteogenomics/AML_Proteogenomic_Oellerich_PMID35245447/PXD023201
20190925_QX0_AsJa_SA_AMLpatientsLFQProteome_DIA_sample188.raw	F158	/data1/kentsisa/AML_proteogenomics/AML_Proteogenomic_Oellerich_PMID35245447/PXD023201
20190925_QX0_AsJa_SA_AMLpatientsLFQProteome_DIA_sample187.raw	F157	/data1/kentsisa/AML_proteogenomics/AML_Proteogenomic_Oellerich_PMID35245447/PXD023201
20190925_QX0_AsJa_SA_AMLpatientsLFQProteome_DIA_sample189.raw	F156	/data1/kentsisa/AML_proteogenomics/AML_Proteogenomic_Oellerich_PMID35245447/PXD023201
20190925_QX0_AsJa_SA_AMLpatientsLFQProteome_DIA_sample185.raw	F154	/data1/kentsisa/AML_proteogenomics/AML_Proteogenomic_Oellerich_PMID35245447/PXD023201
20190925_QX0_AsJa_SA_AMLpatientsLFQProteome_DIA_sample180.raw	F152	/data1/kentsisa/AML_proteogenomics/AML_Proteogenomic_Oellerich_PMID35245447/PXD023201
20190925_QX0_AsJa_SA_AMLpatientsLFQProteome_DIA_sample184.raw	F151	/data1/kentsisa/AML_proteogenomics/AML_Proteogenomic_Oellerich_PMID35245447/PXD023201
20190925_QX0_AsJa_SA_AMLpatientsLFQProteome_DIA_sample183.raw	F150	/data1/kentsisa/AML_proteogenomics/AML_Proteogenomic_Oellerich_PMID35245447/PXD023201
20191126_QX0_AsJa_SA_AMLpatientsLFQProteome_DIA_sample349.raw	F15	/data1/kentsisa/AML_proteogenomics/AML_Proteogenomic_Oellerich_PMID35245447/PXD023201
20190925_QX0_AsJa_SA_AMLpatientsLFQProteome_DIA_sample220.raw	F149	/data1/kentsisa/AML_proteogenomics/AML_Proteogenomic_Oellerich_PMID35245447/PXD023201
20190919_QX0_AsJa_SA_AMLpatientsLFQProteome_DIA_sample170.raw	F146	/data1/kentsisa/AML_proteogenomics/AML_Proteogenomic_Oellerich_PMID35245447/PXD023201
20190919_QX0_AsJa_SA_AMLpatientsLFQProteome_DIA_sample169.raw	F145	/data1/kentsisa/AML_proteogenomics/AML_Proteogenomic_Oellerich_PMID35245447/PXD023201
20190919_QX0_AsJa_SA_AMLpatientsLFQProteome_DIA_sample136.raw	F14	/data1/kentsisa/AML_proteogenomics/AML_Proteogenomic_Oellerich_PMID35245447/PXD023201
20190919_QX0_AsJa_SA_AMLpatientsLFQProteome_DIA_sample162.raw	F137	/data1/kentsisa/AML_proteogenomics/AML_Proteogenomic_Oellerich_PMID35245447/PXD023201
20190919_QX0_AsJa_SA_AMLpatientsLFQProteome_DIA_sample129.raw	F136	/data1/kentsisa/AML_proteogenomics/AML_Proteogenomic_Oellerich_PMID35245447/PXD023201
20190919_QX0_AsJa_SA_AMLpatientsLFQProteome_DIA_sample158.raw	F133	/data1/kentsisa/AML_proteogenomics/AML_Proteogenomic_Oellerich_PMID35245447/PXD023201
20190919_QX0_AsJa_SA_AMLpatientsLFQProteome_DIA_sample154.raw	F131	/data1/kentsisa/AML_proteogenomics/AML_Proteogenomic_Oellerich_PMID35245447/PXD023201
20190919_QX0_AsJa_SA_AMLpatientsLFQProteome_DIA_sample124.raw	F130	/data1/kentsisa/AML_proteogenomics/AML_Proteogenomic_Oellerich_PMID35245447/PXD023201
20191126_QX0_AsJa_SA_AMLpatientsLFQProteome_DIA_sample270.raw	F13	/data1/kentsisa/AML_proteogenomics/AML_Proteogenomic_Oellerich_PMID35245447/PXD023201
20190919_QX0_AsJa_SA_AMLpatientsLFQProteome_DIA_sample123.raw	F128	/data1/kentsisa/AML_proteogenomics/AML_Proteogenomic_Oellerich_PMID35245447/PXD023201
20190919_QX0_AsJa_SA_AMLpatientsLFQProteome_DIA_sample152.raw	F127	/data1/kentsisa/AML_proteogenomics/AML_Proteogenomic_Oellerich_PMID35245447/PXD023201
20190919_QX0_AsJa_SA_AMLpatientsLFQProteome_DIA_sample122.raw	F125	/data1/kentsisa/AML_proteogenomics/AML_Proteogenomic_Oellerich_PMID35245447/PXD023201
20190919_QX0_AsJa_SA_AMLpatientsLFQProteome_DIA_sample121.raw	F124	/data1/kentsisa/AML_proteogenomics/AML_Proteogenomic_Oellerich_PMID35245447/PXD023201
20190919_QX0_AsJa_SA_AMLpatientsLFQProteome_DIA_sample148.raw	F121	/data1/kentsisa/AML_proteogenomics/AML_Proteogenomic_Oellerich_PMID35245447/PXD023201
20190919_QX0_AsJa_SA_AMLpatientsLFQProteome_DIA_sample137.raw	F119	/data1/kentsisa/AML_proteogenomics/AML_Proteogenomic_Oellerich_PMID35245447/PXD023201
20190925_QX0_AsJa_SA_AMLpatientsLFQProteome_DIA_sample119.raw	F118	/data1/kentsisa/AML_proteogenomics/AML_Proteogenomic_Oellerich_PMID35245447/PXD023201
20190919_QX0_AsJa_SA_AMLpatientsLFQProteome_DIA_sample146.raw	F117	/data1/kentsisa/AML_proteogenomics/AML_Proteogenomic_Oellerich_PMID35245447/PXD023201
20190919_QX0_AsJa_SA_AMLpatientsLFQProteome_DIA_sample117.raw	F116	/data1/kentsisa/AML_proteogenomics/AML_Proteogenomic_Oellerich_PMID35245447/PXD023201
20190919_QX0_AsJa_SA_AMLpatientsLFQProteome_DIA_sample116.raw	F115	/data1/kentsisa/AML_proteogenomics/AML_Proteogenomic_Oellerich_PMID35245447/PXD023201
20190925_QX0_AsJa_SA_AMLpatientsLFQProteome_DIA_sample114.raw	F113	/data1/kentsisa/AML_proteogenomics/AML_Proteogenomic_Oellerich_PMID35245447/PXD023201
20190919_QX0_AsJa_SA_AMLpatientsLFQProteome_DIA_sample113.raw	F112	/data1/kentsisa/AML_proteogenomics/AML_Proteogenomic_Oellerich_PMID35245447/PXD023201
20190919_QX0_AsJa_SA_AMLpatientsLFQProteome_DIA_sample144.raw	F111	/data1/kentsisa/AML_proteogenomics/AML_Proteogenomic_Oellerich_PMID35245447/PXD023201
20190919_QX0_AsJa_SA_AMLpatientsLFQProteome_DIA_sample109.raw	F110	/data1/kentsisa/AML_proteogenomics/AML_Proteogenomic_Oellerich_PMID35245447/PXD023201
20190925_QX0_AsJa_SA_AMLpatientsLFQProteome_DIA_sample231.raw	F109	/data1/kentsisa/AML_proteogenomics/AML_Proteogenomic_Oellerich_PMID35245447/PXD023201
20190919_QX0_AsJa_SA_AMLpatientsLFQProteome_DIA_sample108.raw	F108	/data1/kentsisa/AML_proteogenomics/AML_Proteogenomic_Oellerich_PMID35245447/PXD023201
20190925_QX0_AsJa_SA_AMLpatientsLFQProteome_DIA_sample197.raw	F107	/data1/kentsisa/AML_proteogenomics/AML_Proteogenomic_Oellerich_PMID35245447/PXD023201
20190919_QX0_AsJa_SA_AMLpatientsLFQProteome_DIA_sample133.raw	F106	/data1/kentsisa/AML_proteogenomics/AML_Proteogenomic_Oellerich_PMID35245447/PXD023201
20190919_QX0_AsJa_SA_AMLpatientsLFQProteome_DIA_sample107.raw	F105	/data1/kentsisa/AML_proteogenomics/AML_Proteogenomic_Oellerich_PMID35245447/PXD023201
20190919_QX0_AsJa_SA_AMLpatientsLFQProteome_DIA_sample106.raw	F104	/data1/kentsisa/AML_proteogenomics/AML_Proteogenomic_Oellerich_PMID35245447/PXD023201
20190919_QX0_AsJa_SA_AMLpatientsLFQProteome_DIA_sample101.raw	F103	/data1/kentsisa/AML_proteogenomics/AML_Proteogenomic_Oellerich_PMID35245447/PXD023201
20190919_QX0_AsJa_SA_AMLpatientsLFQProteome_DIA_sample105.raw	F101	/data1/kentsisa/AML_proteogenomics/AML_Proteogenomic_Oellerich_PMID35245447/PXD023201
20191126_QX0_AsJa_SA_AMLpatientsLFQProteome_DIA_sample289.raw	F100	/data1/kentsisa/AML_proteogenomics/AML_Proteogenomic_Oellerich_PMID35245447/PXD023201
20191126_QX0_AsJa_SA_AMLpatientsLFQProteome_DIA_sample314.raw	F10	/data1/kentsisa/AML_proteogenomics/AML_Proteogenomic_Oellerich_PMID35245447/PXD023201
20191126_QX0_AsJa_SA_AMLpatientsLFQProteome_DIA_sample343.raw	F1	/data1/kentsisa/AML_proteogenomics/AML_Proteogenomic_Oellerich_PMID35245447/PXD023201
20190919_QX0_AsJa_SA_AMLpatientsLFQProteome_DIA_sample110.raw	F102	/data1/kentsisa/AML_proteogenomics/AML_Proteogenomic_Oellerich_PMID35245447/PXD023201
20200218_QX4_AsJa_SA_AMLpatientsLFQproteome_DIA_AML334.raw	F11	/data1/kentsisa/AML_proteogenomics/AML_Proteogenomic_Oellerich_PMID35245447/PXD023201
20190925_QX0_AsJa_SA_AMLpatientsLFQProteome_DIA_sample115.raw	F114	/data1/kentsisa/AML_proteogenomics/AML_Proteogenomic_Oellerich_PMID35245447/PXD023201
20191126_QX0_AsJa_SA_AMLpatientsLFQProteome_DIA_sample346.raw	F12	/data1/kentsisa/AML_proteogenomics/AML_Proteogenomic_Oellerich_PMID35245447/PXD023201
20190919_QX0_AsJa_SA_AMLpatientsLFQProteome_DIA_sample147.raw	F120	/data1/kentsisa/AML_proteogenomics/AML_Proteogenomic_Oellerich_PMID35245447/PXD023201
20200310_QX4_AsJa_SA_AMLpatientsLFQproteome_DIA_AML300.raw	F122	/data1/kentsisa/AML_proteogenomics/AML_Proteogenomic_Oellerich_PMID35245447/PXD023201
20190919_QX0_AsJa_SA_AMLpatientsLFQProteome_DIA_sample120.raw	F123	/data1/kentsisa/AML_proteogenomics/AML_Proteogenomic_Oellerich_PMID35245447/PXD023201
20190919_QX0_AsJa_SA_AMLpatientsLFQProteome_DIA_sample151.raw	F126	/data1/kentsisa/AML_proteogenomics/AML_Proteogenomic_Oellerich_PMID35245447/PXD023201
20191126_QX0_AsJa_SA_AMLpatientsLFQProteome_DIA_sample296.raw	F129	/data1/kentsisa/AML_proteogenomics/AML_Proteogenomic_Oellerich_PMID35245447/PXD023201
20191126_QX0_AsJa_SA_AMLpatientsLFQProteome_DIA_sample301.raw	F132	/data1/kentsisa/AML_proteogenomics/AML_Proteogenomic_Oellerich_PMID35245447/PXD023201
20190925_QX0_AsJa_SA_AMLpatientsLFQProteome_DIA_sample196.raw	F134	/data1/kentsisa/AML_proteogenomics/AML_Proteogenomic_Oellerich_PMID35245447/PXD023201
20190919_QX0_AsJa_SA_AMLpatientsLFQProteome_DIA_sample128.raw	F135	/data1/kentsisa/AML_proteogenomics/AML_Proteogenomic_Oellerich_PMID35245447/PXD023201
20190919_QX0_AsJa_SA_AMLpatientsLFQProteome_DIA_sample163.raw	F138	/data1/kentsisa/AML_proteogenomics/AML_Proteogenomic_Oellerich_PMID35245447/PXD023201
20190925_QX0_AsJa_SA_AMLpatientsLFQProteome_DIA_sample191.raw	F139	/data1/kentsisa/AML_proteogenomics/AML_Proteogenomic_Oellerich_PMID35245447/PXD023201
20190925_QX0_AsJa_SA_AMLpatientsLFQProteome_DIA_sample223.raw	F140	/data1/kentsisa/AML_proteogenomics/AML_Proteogenomic_Oellerich_PMID35245447/PXD023201
20190925_QX0_AsJa_SA_AMLpatientsLFQProteome_DIA_sample181.raw	F141	/data1/kentsisa/AML_proteogenomics/AML_Proteogenomic_Oellerich_PMID35245447/PXD023201
20190925_QX0_AsJa_SA_AMLpatientsLFQProteome_DIA_sample182.raw	F142	/data1/kentsisa/AML_proteogenomics/AML_Proteogenomic_Oellerich_PMID35245447/PXD023201
20190919_QX0_AsJa_SA_AMLpatientsLFQProteome_DIA_sample165.raw	F143	/data1/kentsisa/AML_proteogenomics/AML_Proteogenomic_Oellerich_PMID35245447/PXD023201
20190919_QX0_AsJa_SA_AMLpatientsLFQProteome_DIA_sample166.raw	F144	/data1/kentsisa/AML_proteogenomics/AML_Proteogenomic_Oellerich_PMID35245447/PXD023201
20190925_QX0_AsJa_SA_AMLpatientsLFQProteome_DIA_sample171.raw	F148	/data1/kentsisa/AML_proteogenomics/AML_Proteogenomic_Oellerich_PMID35245447/PXD023201
20190925_QX0_AsJa_SA_AMLpatientsLFQProteome_DIA_sample186.raw	F155	/data1/kentsisa/AML_proteogenomics/AML_Proteogenomic_Oellerich_PMID35245447/PXD023201
20190925_QX0_AsJa_SA_AMLpatientsLFQProteome_DIA_sample203.raw	F159	/data1/kentsisa/AML_proteogenomics/AML_Proteogenomic_Oellerich_PMID35245447/PXD023201
20190925_QX0_AsJa_SA_AMLpatientsLFQProteome_DIA_sample174.raw	F164	/data1/kentsisa/AML_proteogenomics/AML_Proteogenomic_Oellerich_PMID35245447/PXD023201
20190925_QX0_AsJa_SA_AMLpatientsLFQProteome_DIA_sample218.raw	F170	/data1/kentsisa/AML_proteogenomics/AML_Proteogenomic_Oellerich_PMID35245447/PXD023201
20190925_QX0_AsJa_SA_AMLpatientsLFQProteome_DIA_sample234.raw	F175	/data1/kentsisa/AML_proteogenomics/AML_Proteogenomic_Oellerich_PMID35245447/PXD023201
20190925_QX0_AsJa_SA_AMLpatientsLFQProteome_DIA_sample201.raw	F178	/data1/kentsisa/AML_proteogenomics/AML_Proteogenomic_Oellerich_PMID35245447/PXD023201
20200326_QX0_AsJa_SA_AMLpatientsLFQProteome_DIA_AML384.raw	F180	/data1/kentsisa/AML_proteogenomics/AML_Proteogenomic_Oellerich_PMID35245447/PXD023201
20191126_QX0_AsJa_SA_AMLpatientsLFQProteome_DIA_sample287.raw	F24	/data1/kentsisa/AML_proteogenomics/AML_Proteogenomic_Oellerich_PMID35245447/PXD023201
20200310_QX4_AsJa_SA_AMLpatientsLFQproteome_DIA_AML309.raw	F30	/data1/kentsisa/AML_proteogenomics/AML_Proteogenomic_Oellerich_PMID35245447/PXD023201
20190919_QX0_AsJa_SA_AMLpatientsLFQProteome_DIA_sample134.raw	F36	/data1/kentsisa/AML_proteogenomics/AML_Proteogenomic_Oellerich_PMID35245447/PXD023201
20190919_QX0_AsJa_SA_AMLpatientsLFQProteome_DIA_sample140.raw	F39	/data1/kentsisa/AML_proteogenomics/AML_Proteogenomic_Oellerich_PMID35245447/PXD023201
20190919_QX0_AsJa_SA_AMLpatientsLFQProteome_DIA_sample139.raw	F41	/data1/kentsisa/AML_proteogenomics/AML_Proteogenomic_Oellerich_PMID35245447/PXD023201
20200310_QX4_AsJa_SA_AMLpatientsLFQproteome_DIA_AML365.raw	F48	/data1/kentsisa/AML_proteogenomics/AML_Proteogenomic_Oellerich_PMID35245447/PXD023201
20200218_QX4_AsJa_SA_AMLpatientsLFQproteome_DIA_AML317.raw	F64	/data1/kentsisa/AML_proteogenomics/AML_Proteogenomic_Oellerich_PMID35245447/PXD023201
20191126_QX0_AsJa_SA_AMLpatientsLFQProteome_DIA_sample263.raw	F74	/data1/kentsisa/AML_proteogenomics/AML_Proteogenomic_Oellerich_PMID35245447/PXD023201
20200310_QX4_AsJa_SA_AMLpatientsLFQproteome_DIA_AML380.raw	F82	/data1/kentsisa/AML_proteogenomics/AML_Proteogenomic_Oellerich_PMID35245447/PXD023201
20191126_QX0_AsJa_SA_AMLpatientsLFQProteome_DIA_sample293.raw	F86	/data1/kentsisa/AML_proteogenomics/AML_Proteogenomic_Oellerich_PMID35245447/PXD023201
20200326_QX0_AsJa_SA_AMLpatientsLFQProteome_DIA_AML382.raw	F87	/data1/kentsisa/AML_proteogenomics/AML_Proteogenomic_Oellerich_PMID35245447/PXD023201
20191126_QX0_AsJa_SA_AMLpatientsLFQProteome_DIA_sample312.raw	F88	/data1/kentsisa/AML_proteogenomics/AML_Proteogenomic_Oellerich_PMID35245447/PXD023201
