ID,NAME,URI,TYPE,MAPPINGS,Sample ID,Cohort,Proteomics data set,RNA available,comment
169,20190925_QX0_AsJa_SA_AMLpatientsLFQProteome_DIA_sample226.raw,ftp://ftp.pride.ebi.ac.uk/pride/data/archive/2022/03/PXD023201/20190925_QX0_AsJa_SA_AMLpatientsLFQProteome_DIA_sample226.raw,RAW,-,F99,Discovery,PXD023201,F99,
168,20191126_QX0_AsJa_SA_AMLpatientsLFQProteome_DIA_sample285.raw,ftp://ftp.pride.ebi.ac.uk/pride/data/archive/2022/03/PXD023201/20191126_QX0_AsJa_SA_AMLpatientsLFQProteome_DIA_sample285.raw,RAW,-,F98,Discovery,PXD023201,F98,
167,20191126_QX0_AsJa_SA_AMLpatientsLFQProteome_DIA_sample291.raw,ftp://ftp.pride.ebi.ac.uk/pride/data/archive/2022/03/PXD023201/20191126_QX0_AsJa_SA_AMLpatientsLFQProteome_DIA_sample291.raw,RAW,-,F97,Discovery,PXD023201,F97,
166,20191126_QX0_AsJa_SA_AMLpatientsLFQProteome_DIA_sample288.raw,ftp://ftp.pride.ebi.ac.uk/pride/data/archive/2022/03/PXD023201/20191126_QX0_AsJa_SA_AMLpatientsLFQProteome_DIA_sample288.raw,RAW,-,F96,Discovery,PXD023201,F96,
165,20191126_QX0_AsJa_SA_AMLpatientsLFQProteome_DIA_sample281.raw,ftp://ftp.pride.ebi.ac.uk/pride/data/archive/2022/03/PXD023201/20191126_QX0_AsJa_SA_AMLpatientsLFQProteome_DIA_sample281.raw,RAW,-,F95,Discovery,PXD023201,F95,
170,20190919_QX0_AsJa_SA_AMLpatientsLFQProteome_DIA_sample104.raw,ftp://ftp.pride.ebi.ac.uk/pride/data/archive/2022/03/PXD023201/20190919_QX0_AsJa_SA_AMLpatientsLFQProteome_DIA_sample104.raw,RAW,-,F94,Discovery,PXD023201,F94,raw file annotation unclear
237,20191126_QX0_AsJa_SA_AMLpatientsLFQProteome_DIA_sample279.raw,ftp://ftp.pride.ebi.ac.uk/pride/data/archive/2022/03/PXD023201/20191126_QX0_AsJa_SA_AMLpatientsLFQProteome_DIA_sample279.raw,RAW,-,F93,Discovery,PXD023201,F93,raw file annotation unclear
164,20200310_QX4_AsJa_SA_AMLpatientsLFQproteome_DIA_AML277.raw,ftp://ftp.pride.ebi.ac.uk/pride/data/archive/2022/03/PXD023201/20200310_QX4_AsJa_SA_AMLpatientsLFQproteome_DIA_AML277.raw,RAW,-,F92,Discovery,PXD023201,F92,
163,20191126_QX0_AsJa_SA_AMLpatientsLFQProteome_DIA_sample276.raw,ftp://ftp.pride.ebi.ac.uk/pride/data/archive/2022/03/PXD023201/20191126_QX0_AsJa_SA_AMLpatientsLFQProteome_DIA_sample276.raw,RAW,-,F91,Discovery,PXD023201,F91,
162,20191126_QX0_AsJa_SA_AMLpatientsLFQProteome_DIA_sample274.raw,ftp://ftp.pride.ebi.ac.uk/pride/data/archive/2022/03/PXD023201/20191126_QX0_AsJa_SA_AMLpatientsLFQProteome_DIA_sample274.raw,RAW,-,F90,Discovery,PXD023201,F90,
161,20190925_QX0_AsJa_SA_AMLpatientsLFQProteome_DIA_sample130.raw,ftp://ftp.pride.ebi.ac.uk/pride/data/archive/2022/03/PXD023201/20190925_QX0_AsJa_SA_AMLpatientsLFQProteome_DIA_sample130.raw,RAW,-,F9,Discovery,PXD023201,F9,
160,20191126_QX0_AsJa_SA_AMLpatientsLFQProteome_DIA_sample273.raw,ftp://ftp.pride.ebi.ac.uk/pride/data/archive/2022/03/PXD023201/20191126_QX0_AsJa_SA_AMLpatientsLFQProteome_DIA_sample273.raw,RAW,-,F89,Discovery,PXD023201,F89,
156,20200326_QX0_AsJa_SA_AMLpatientsLFQProteome_DIA_AML385.raw,ftp://ftp.pride.ebi.ac.uk/pride/data/archive/2022/03/PXD023201/20200326_QX0_AsJa_SA_AMLpatientsLFQProteome_DIA_AML385.raw,RAW,-,F85,Discovery,PXD023201,F85,
155,20200310_QX4_AsJa_SA_AMLpatientsLFQproteome_DIA_AML376.raw,ftp://ftp.pride.ebi.ac.uk/pride/data/archive/2022/03/PXD023201/20200310_QX4_AsJa_SA_AMLpatientsLFQproteome_DIA_AML376.raw,RAW,-,F84,Discovery,PXD023201,F84,
154,20200310_QX4_AsJa_SA_AMLpatientsLFQproteome_DIA_AML378.raw,ftp://ftp.pride.ebi.ac.uk/pride/data/archive/2022/03/PXD023201/20200310_QX4_AsJa_SA_AMLpatientsLFQproteome_DIA_AML378.raw,RAW,-,F83,Discovery,PXD023201,F83,
152,20200310_QX4_AsJa_SA_AMLpatientsLFQproteome_DIA_AML379.raw,ftp://ftp.pride.ebi.ac.uk/pride/data/archive/2022/03/PXD023201/20200310_QX4_AsJa_SA_AMLpatientsLFQproteome_DIA_AML379.raw,RAW,-,F81,Discovery,PXD023201,F81,
151,20200310_QX4_AsJa_SA_AMLpatientsLFQproteome_DIA_AML377.raw,ftp://ftp.pride.ebi.ac.uk/pride/data/archive/2022/03/PXD023201/20200310_QX4_AsJa_SA_AMLpatientsLFQproteome_DIA_AML377.raw,RAW,-,F80,Discovery,PXD023201,F80,
150,20191126_QX0_AsJa_SA_AMLpatientsLFQProteome_DIA_sample329.raw,ftp://ftp.pride.ebi.ac.uk/pride/data/archive/2022/03/PXD023201/20191126_QX0_AsJa_SA_AMLpatientsLFQProteome_DIA_sample329.raw,RAW,-,F8,Discovery,PXD023201,F8,
149,20191126_QX0_AsJa_SA_AMLpatientsLFQProteome_DIA_sample315.raw,ftp://ftp.pride.ebi.ac.uk/pride/data/archive/2022/03/PXD023201/20191126_QX0_AsJa_SA_AMLpatientsLFQProteome_DIA_sample315.raw,RAW,-,F79,Discovery,PXD023201,F79,
148,20191126_QX0_AsJa_SA_AMLpatientsLFQProteome_DIA_sample269.raw,ftp://ftp.pride.ebi.ac.uk/pride/data/archive/2022/03/PXD023201/20191126_QX0_AsJa_SA_AMLpatientsLFQProteome_DIA_sample269.raw,RAW,-,F78,Discovery,PXD023201,F78,
147,20191126_QX0_AsJa_SA_AMLpatientsLFQProteome_DIA_sample268.raw,ftp://ftp.pride.ebi.ac.uk/pride/data/archive/2022/03/PXD023201/20191126_QX0_AsJa_SA_AMLpatientsLFQProteome_DIA_sample268.raw,RAW,-,F77,Discovery,PXD023201,F77,
146,20191126_QX0_AsJa_SA_AMLpatientsLFQProteome_DIA_sample264.raw,ftp://ftp.pride.ebi.ac.uk/pride/data/archive/2022/03/PXD023201/20191126_QX0_AsJa_SA_AMLpatientsLFQProteome_DIA_sample264.raw,RAW,-,F76,Discovery,PXD023201,F76,
145,20191126_QX0_AsJa_SA_AMLpatientsLFQProteome_DIA_sample262.raw,ftp://ftp.pride.ebi.ac.uk/pride/data/archive/2022/03/PXD023201/20191126_QX0_AsJa_SA_AMLpatientsLFQProteome_DIA_sample262.raw,RAW,-,F75,Discovery,PXD023201,F75,
143,20191126_QX0_AsJa_SA_AMLpatientsLFQProteome_DIA_sample374.raw,ftp://ftp.pride.ebi.ac.uk/pride/data/archive/2022/03/PXD023201/20191126_QX0_AsJa_SA_AMLpatientsLFQProteome_DIA_sample374.raw,RAW,-,F73,Discovery,PXD023201,F73,
142,20191126_QX0_AsJa_SA_AMLpatientsLFQProteome_DIA_sample350.raw,ftp://ftp.pride.ebi.ac.uk/pride/data/archive/2022/03/PXD023201/20191126_QX0_AsJa_SA_AMLpatientsLFQProteome_DIA_sample350.raw,RAW,-,F72,Discovery,PXD023201,F72,
141,20191126_QX0_AsJa_SA_AMLpatientsLFQProteome_DIA_sample319.raw,ftp://ftp.pride.ebi.ac.uk/pride/data/archive/2022/03/PXD023201/20191126_QX0_AsJa_SA_AMLpatientsLFQProteome_DIA_sample319.raw,RAW,-,F71,Discovery,PXD023201,F71,
140,20190925_QX0_AsJa_SA_AMLpatientsLFQProteome_DIA_sample199.raw,ftp://ftp.pride.ebi.ac.uk/pride/data/archive/2022/03/PXD023201/20190925_QX0_AsJa_SA_AMLpatientsLFQProteome_DIA_sample199.raw,RAW,-,F70,Discovery,PXD023201,F70,
139,20190919_QX0_AsJa_SA_AMLpatientsLFQProteome_DIA_sample138.raw,ftp://ftp.pride.ebi.ac.uk/pride/data/archive/2022/03/PXD023201/20190919_QX0_AsJa_SA_AMLpatientsLFQProteome_DIA_sample138.raw,RAW,-,F7,Discovery,PXD023201,F7,
138,20191126_QX0_AsJa_SA_AMLpatientsLFQProteome_DIA_sample327.raw,ftp://ftp.pride.ebi.ac.uk/pride/data/archive/2022/03/PXD023201/20191126_QX0_AsJa_SA_AMLpatientsLFQProteome_DIA_sample327.raw,RAW,-,F69,Discovery,PXD023201,F69,
137,20191126_QX0_AsJa_SA_AMLpatientsLFQProteome_DIA_sample318.raw,ftp://ftp.pride.ebi.ac.uk/pride/data/archive/2022/03/PXD023201/20191126_QX0_AsJa_SA_AMLpatientsLFQProteome_DIA_sample318.raw,RAW,-,F68,Discovery,PXD023201,F68,
136,20191126_QX0_AsJa_SA_AMLpatientsLFQProteome_DIA_sample368.raw,ftp://ftp.pride.ebi.ac.uk/pride/data/archive/2022/03/PXD023201/20191126_QX0_AsJa_SA_AMLpatientsLFQProteome_DIA_sample368.raw,RAW,-,F67,Discovery,PXD023201,F67,
135,20200310_QX4_AsJa_SA_AMLpatientsLFQproteome_DIA_AML208.raw,ftp://ftp.pride.ebi.ac.uk/pride/data/archive/2022/03/PXD023201/20200310_QX4_AsJa_SA_AMLpatientsLFQproteome_DIA_AML208.raw,RAW,-,F66,Discovery,PXD023201,F66,gtf file permissive NA for header annotation
134,20190919_QX0_AsJa_SA_AMLpatientsLFQProteome_DIA_sample102.raw,ftp://ftp.pride.ebi.ac.uk/pride/data/archive/2022/03/PXD023201/20190919_QX0_AsJa_SA_AMLpatientsLFQProteome_DIA_sample102.raw,RAW,-,F65,Discovery,PXD023201,F65,
132,20191126_QX0_AsJa_SA_AMLpatientsLFQProteome_DIA_sample361.raw,ftp://ftp.pride.ebi.ac.uk/pride/data/archive/2022/03/PXD023201/20191126_QX0_AsJa_SA_AMLpatientsLFQProteome_DIA_sample361.raw,RAW,-,F63,Discovery,PXD023201,F63,
131,20191126_QX0_AsJa_SA_AMLpatientsLFQProteome_DIA_sample362.raw,ftp://ftp.pride.ebi.ac.uk/pride/data/archive/2022/03/PXD023201/20191126_QX0_AsJa_SA_AMLpatientsLFQProteome_DIA_sample362.raw,RAW,-,F62,Discovery,PXD023201,F62,
130,20191126_QX0_AsJa_SA_AMLpatientsLFQProteome_DIA_sample354.raw,ftp://ftp.pride.ebi.ac.uk/pride/data/archive/2022/03/PXD023201/20191126_QX0_AsJa_SA_AMLpatientsLFQProteome_DIA_sample354.raw,RAW,-,F61,Discovery,PXD023201,F61,
129,20190925_QX0_AsJa_SA_AMLpatientsLFQProteome_DIA_sample219.raw,ftp://ftp.pride.ebi.ac.uk/pride/data/archive/2022/03/PXD023201/20190925_QX0_AsJa_SA_AMLpatientsLFQProteome_DIA_sample219.raw,RAW,-,F60,Discovery,PXD023201,F60,
128,20191126_QX0_AsJa_SA_AMLpatientsLFQProteome_DIA_sample321.raw,ftp://ftp.pride.ebi.ac.uk/pride/data/archive/2022/03/PXD023201/20191126_QX0_AsJa_SA_AMLpatientsLFQProteome_DIA_sample321.raw,RAW,-,F6,Discovery,PXD023201,F6,
127,20190919_QX0_AsJa_SA_AMLpatientsLFQProteome_DIA_sample103.raw,ftp://ftp.pride.ebi.ac.uk/pride/data/archive/2022/03/PXD023201/20190919_QX0_AsJa_SA_AMLpatientsLFQProteome_DIA_sample103.raw,RAW,-,F59,Discovery,PXD023201,F59,
126,20191126_QX0_AsJa_SA_AMLpatientsLFQProteome_DIA_sample330.raw,ftp://ftp.pride.ebi.ac.uk/pride/data/archive/2022/03/PXD023201/20191126_QX0_AsJa_SA_AMLpatientsLFQProteome_DIA_sample330.raw,RAW,-,F58,Discovery,PXD023201,F58,
125,20191126_QX0_AsJa_SA_AMLpatientsLFQProteome_DIA_sample322.raw,ftp://ftp.pride.ebi.ac.uk/pride/data/archive/2022/03/PXD023201/20191126_QX0_AsJa_SA_AMLpatientsLFQProteome_DIA_sample322.raw,RAW,-,F57,Discovery,PXD023201,F57,
124,20191126_QX0_AsJa_SA_AMLpatientsLFQProteome_DIA_sample347.raw,ftp://ftp.pride.ebi.ac.uk/pride/data/archive/2022/03/PXD023201/20191126_QX0_AsJa_SA_AMLpatientsLFQProteome_DIA_sample347.raw,RAW,-,F56,Discovery,PXD023201,F56,
123,20191126_QX0_AsJa_SA_AMLpatientsLFQProteome_DIA_sample339.raw,ftp://ftp.pride.ebi.ac.uk/pride/data/archive/2022/03/PXD023201/20191126_QX0_AsJa_SA_AMLpatientsLFQProteome_DIA_sample339.raw,RAW,-,F55,Discovery,PXD023201,F55,
122,20190925_QX0_AsJa_SA_AMLpatientsLFQProteome_DIA_sample227.raw,ftp://ftp.pride.ebi.ac.uk/pride/data/archive/2022/03/PXD023201/20190925_QX0_AsJa_SA_AMLpatientsLFQProteome_DIA_sample227.raw,RAW,-,F54,Discovery,PXD023201,F54,
121,20191126_QX0_AsJa_SA_AMLpatientsLFQProteome_DIA_sample238.raw,ftp://ftp.pride.ebi.ac.uk/pride/data/archive/2022/03/PXD023201/20191126_QX0_AsJa_SA_AMLpatientsLFQProteome_DIA_sample238.raw,RAW,-,F53,Discovery,PXD023201,F53,
120,20191126_QX0_AsJa_SA_AMLpatientsLFQProteome_DIA_sample364.raw,ftp://ftp.pride.ebi.ac.uk/pride/data/archive/2022/03/PXD023201/20191126_QX0_AsJa_SA_AMLpatientsLFQProteome_DIA_sample364.raw,RAW,-,F52,Discovery,PXD023201,F52,
119,20190925_QX0_AsJa_SA_AMLpatientsLFQProteome_DIA_sample179.raw,ftp://ftp.pride.ebi.ac.uk/pride/data/archive/2022/03/PXD023201/20190925_QX0_AsJa_SA_AMLpatientsLFQProteome_DIA_sample179.raw,RAW,-,F51,Discovery,PXD023201,F51,FragPipe failed
118,20191126_QX0_AsJa_SA_AMLpatientsLFQProteome_DIA_sample340.raw,ftp://ftp.pride.ebi.ac.uk/pride/data/archive/2022/03/PXD023201/20191126_QX0_AsJa_SA_AMLpatientsLFQProteome_DIA_sample340.raw,RAW,-,F50,Discovery,PXD023201,F50,
117,20191126_QX0_AsJa_SA_AMLpatientsLFQProteome_DIA_sample336.raw,ftp://ftp.pride.ebi.ac.uk/pride/data/archive/2022/03/PXD023201/20191126_QX0_AsJa_SA_AMLpatientsLFQProteome_DIA_sample336.raw,RAW,-,F5,Discovery,PXD023201,F5,
262,20191126_QX0_AsJa_SA_AMLpatientsLFQProteome_DIA_sample324.raw,ftp://ftp.pride.ebi.ac.uk/pride/data/archive/2022/03/PXD023201/20191126_QX0_AsJa_SA_AMLpatientsLFQProteome_DIA_sample324.raw,RAW,-,F49,Discovery,PXD023201,F49,raw file annotation unclear
115,20200218_QX4_AsJa_SA_AMLpatientsLFQproteome_DIA_AML352.raw,ftp://ftp.pride.ebi.ac.uk/pride/data/archive/2022/03/PXD023201/20200218_QX4_AsJa_SA_AMLpatientsLFQproteome_DIA_AML352.raw,RAW,-,F47,Discovery,PXD023201,F47,
114,20191126_QX0_AsJa_SA_AMLpatientsLFQProteome_DIA_sample341.raw,ftp://ftp.pride.ebi.ac.uk/pride/data/archive/2022/03/PXD023201/20191126_QX0_AsJa_SA_AMLpatientsLFQProteome_DIA_sample341.raw,RAW,-,F46,Discovery,PXD023201,F46,
113,20191126_QX0_AsJa_SA_AMLpatientsLFQProteome_DIA_sample333.raw,ftp://ftp.pride.ebi.ac.uk/pride/data/archive/2022/03/PXD023201/20191126_QX0_AsJa_SA_AMLpatientsLFQProteome_DIA_sample333.raw,RAW,-,F45,Discovery,PXD023201,F45,
112,20191126_QX0_AsJa_SA_AMLpatientsLFQProteome_DIA_sample328.raw,ftp://ftp.pride.ebi.ac.uk/pride/data/archive/2022/03/PXD023201/20191126_QX0_AsJa_SA_AMLpatientsLFQProteome_DIA_sample328.raw,RAW,-,F44,Discovery,PXD023201,F44,
110,20191126_QX0_AsJa_SA_AMLpatientsLFQProteome_DIA_sample280.raw,ftp://ftp.pride.ebi.ac.uk/pride/data/archive/2022/03/PXD023201/20191126_QX0_AsJa_SA_AMLpatientsLFQProteome_DIA_sample280.raw,RAW,-,F42,Discovery,PXD023201,F42,
108,20190925_QX0_AsJa_SA_AMLpatientsLFQProteome_DIA_sample126.raw,ftp://ftp.pride.ebi.ac.uk/pride/data/archive/2022/03/PXD023201/20190925_QX0_AsJa_SA_AMLpatientsLFQProteome_DIA_sample126.raw,RAW,-,F4,Discovery,PXD023201,F4,
106,20190919_QX0_AsJa_SA_AMLpatientsLFQProteome_DIA_sample153.raw,ftp://ftp.pride.ebi.ac.uk/pride/data/archive/2022/03/PXD023201/20190919_QX0_AsJa_SA_AMLpatientsLFQProteome_DIA_sample153.raw,RAW,-,F38,Discovery,PXD023201,F38,
105,20191126_QX0_AsJa_SA_AMLpatientsLFQProteome_DIA_sample267.raw,ftp://ftp.pride.ebi.ac.uk/pride/data/archive/2022/03/PXD023201/20191126_QX0_AsJa_SA_AMLpatientsLFQProteome_DIA_sample267.raw,RAW,-,F37,Discovery,PXD023201,F37,
103,20190919_QX0_AsJa_SA_AMLpatientsLFQProteome_DIA_sample132.raw,ftp://ftp.pride.ebi.ac.uk/pride/data/archive/2022/03/PXD023201/20190919_QX0_AsJa_SA_AMLpatientsLFQProteome_DIA_sample132.raw,RAW,-,F35,Discovery,PXD023201,F35,gtf file permissive NA for header annotation
102,20191126_QX0_AsJa_SA_AMLpatientsLFQProteome_DIA_sample360.raw,ftp://ftp.pride.ebi.ac.uk/pride/data/archive/2022/03/PXD023201/20191126_QX0_AsJa_SA_AMLpatientsLFQProteome_DIA_sample360.raw,RAW,-,F34,Discovery,PXD023201,F34,
101,20191126_QX0_AsJa_SA_AMLpatientsLFQProteome_DIA_sample335.raw,ftp://ftp.pride.ebi.ac.uk/pride/data/archive/2022/03/PXD023201/20191126_QX0_AsJa_SA_AMLpatientsLFQProteome_DIA_sample335.raw,RAW,-,F33,Discovery,PXD023201,F33,
100,20190919_QX0_AsJa_SA_AMLpatientsLFQProteome_DIA_sample127.raw,ftp://ftp.pride.ebi.ac.uk/pride/data/archive/2022/03/PXD023201/20190919_QX0_AsJa_SA_AMLpatientsLFQProteome_DIA_sample127.raw,RAW,-,F32,Discovery,PXD023201,F32,
99,20200326_QX0_AsJa_SA_AMLpatientsLFQProteome_DIA_AML386.raw,ftp://ftp.pride.ebi.ac.uk/pride/data/archive/2022/03/PXD023201/20200326_QX0_AsJa_SA_AMLpatientsLFQProteome_DIA_AML386.raw,RAW,-,F31,Discovery,PXD023201,F31,
97,20190919_QX0_AsJa_SA_AMLpatientsLFQProteome_DIA_sample111.raw,ftp://ftp.pride.ebi.ac.uk/pride/data/archive/2022/03/PXD023201/20190919_QX0_AsJa_SA_AMLpatientsLFQProteome_DIA_sample111.raw,RAW,-,F29,Discovery,PXD023201,F29,gtf file permissive NA for header annotation
96,20200218_QX4_AsJa_SA_AMLpatientsLFQproteome_DIA_AML243.raw,ftp://ftp.pride.ebi.ac.uk/pride/data/archive/2022/03/PXD023201/20200218_QX4_AsJa_SA_AMLpatientsLFQproteome_DIA_AML243.raw,RAW,-,F28,Discovery,PXD023201,F28,
95,20190919_QX0_AsJa_SA_AMLpatientsLFQProteome_DIA_sample131.raw,ftp://ftp.pride.ebi.ac.uk/pride/data/archive/2022/03/PXD023201/20190919_QX0_AsJa_SA_AMLpatientsLFQProteome_DIA_sample131.raw,RAW,-,F27,Discovery,PXD023201,F27,
94,20190925_QX0_AsJa_SA_AMLpatientsLFQProteome_DIA_sample213.raw,ftp://ftp.pride.ebi.ac.uk/pride/data/archive/2022/03/PXD023201/20190925_QX0_AsJa_SA_AMLpatientsLFQProteome_DIA_sample213.raw,RAW,-,F26,Discovery,PXD023201,F26,
93,20191126_QX0_AsJa_SA_AMLpatientsLFQProteome_DIA_sample286.raw,ftp://ftp.pride.ebi.ac.uk/pride/data/archive/2022/03/PXD023201/20191126_QX0_AsJa_SA_AMLpatientsLFQProteome_DIA_sample286.raw,RAW,-,F25,Discovery,PXD023201,F25,
91,20200310_QX4_AsJa_SA_AMLpatientsLFQproteome_DIA_AML371.raw,ftp://ftp.pride.ebi.ac.uk/pride/data/archive/2022/03/PXD023201/20200310_QX4_AsJa_SA_AMLpatientsLFQproteome_DIA_AML371.raw,RAW,-,F23,Discovery,PXD023201,F23,
90,20190925_QX0_AsJa_SA_AMLpatientsLFQProteome_DIA_sample216.raw,ftp://ftp.pride.ebi.ac.uk/pride/data/archive/2022/03/PXD023201/20190925_QX0_AsJa_SA_AMLpatientsLFQProteome_DIA_sample216.raw,RAW,-,F22,Discovery,PXD023201,F22,
89,20200326_QX0_AsJa_SA_AMLpatientsLFQProteome_DIA_AML383.raw,ftp://ftp.pride.ebi.ac.uk/pride/data/archive/2022/03/PXD023201/20200326_QX0_AsJa_SA_AMLpatientsLFQProteome_DIA_AML383.raw,RAW,-,F21,Discovery,PXD023201,F21,gtf file permissive NA for header annotation
88,20190925_QX0_AsJa_SA_AMLpatientsLFQProteome_DIA_sample198.raw,ftp://ftp.pride.ebi.ac.uk/pride/data/archive/2022/03/PXD023201/20190925_QX0_AsJa_SA_AMLpatientsLFQProteome_DIA_sample198.raw,RAW,-,F20,Discovery,PXD023201,F20,
87,20191126_QX0_AsJa_SA_AMLpatientsLFQProteome_DIA_sample351.raw,ftp://ftp.pride.ebi.ac.uk/pride/data/archive/2022/03/PXD023201/20191126_QX0_AsJa_SA_AMLpatientsLFQProteome_DIA_sample351.raw,RAW,-,F2,Discovery,PXD023201,F2,
86,20190919_QX0_AsJa_SA_AMLpatientsLFQProteome_DIA_sample125.raw,ftp://ftp.pride.ebi.ac.uk/pride/data/archive/2022/03/PXD023201/20190919_QX0_AsJa_SA_AMLpatientsLFQProteome_DIA_sample125.raw,RAW,-,F19,Discovery,PXD023201,F19,raw file annotation unclear
83,20190925_QX0_AsJa_SA_AMLpatientsLFQProteome_DIA_sample135.raw,ftp://ftp.pride.ebi.ac.uk/pride/data/archive/2022/03/PXD023201/20190925_QX0_AsJa_SA_AMLpatientsLFQProteome_DIA_sample135.raw,RAW,-,F18,Discovery,PXD023201,F18,
82,20190925_QX0_AsJa_SA_AMLpatientsLFQProteome_DIA_sample232.raw,ftp://ftp.pride.ebi.ac.uk/pride/data/archive/2022/03/PXD023201/20190925_QX0_AsJa_SA_AMLpatientsLFQProteome_DIA_sample232.raw,RAW,-,F179,Discovery,PXD023201,F179,
80,20190925_QX0_AsJa_SA_AMLpatientsLFQProteome_DIA_sample222.raw,ftp://ftp.pride.ebi.ac.uk/pride/data/archive/2022/03/PXD023201/20190925_QX0_AsJa_SA_AMLpatientsLFQProteome_DIA_sample222.raw,RAW,-,F177,Discovery,PXD023201,F177,
79,20190925_QX0_AsJa_SA_AMLpatientsLFQProteome_DIA_sample217.raw,ftp://ftp.pride.ebi.ac.uk/pride/data/archive/2022/03/PXD023201/20190925_QX0_AsJa_SA_AMLpatientsLFQProteome_DIA_sample217.raw,RAW,-,F176,Discovery,PXD023201,F176,
77,20190925_QX0_AsJa_SA_AMLpatientsLFQProteome_DIA_sample193.raw,ftp://ftp.pride.ebi.ac.uk/pride/data/archive/2022/03/PXD023201/20190925_QX0_AsJa_SA_AMLpatientsLFQProteome_DIA_sample193.raw,RAW,-,F174,Discovery,PXD023201,F174,
76,20190925_QX0_AsJa_SA_AMLpatientsLFQProteome_DIA_sample202.raw,ftp://ftp.pride.ebi.ac.uk/pride/data/archive/2022/03/PXD023201/20190925_QX0_AsJa_SA_AMLpatientsLFQProteome_DIA_sample202.raw,RAW,-,F173,Discovery,PXD023201,F173,
75,20190925_QX0_AsJa_SA_AMLpatientsLFQProteome_DIA_sample204.raw,ftp://ftp.pride.ebi.ac.uk/pride/data/archive/2022/03/PXD023201/20190925_QX0_AsJa_SA_AMLpatientsLFQProteome_DIA_sample204.raw,RAW,-,F172,Discovery,PXD023201,F172,
74,20190925_QX0_AsJa_SA_AMLpatientsLFQProteome_DIA_sample212.raw,ftp://ftp.pride.ebi.ac.uk/pride/data/archive/2022/03/PXD023201/20190925_QX0_AsJa_SA_AMLpatientsLFQProteome_DIA_sample212.raw,RAW,-,F171,Discovery,PXD023201,F171,
72,20191126_QX0_AsJa_SA_AMLpatientsLFQProteome_DIA_sample311.raw,ftp://ftp.pride.ebi.ac.uk/pride/data/archive/2022/03/PXD023201/20191126_QX0_AsJa_SA_AMLpatientsLFQProteome_DIA_sample311.raw,RAW,-,F17,Discovery,PXD023201,F17,raw file annotation unclear
71,20190925_QX0_AsJa_SA_AMLpatientsLFQProteome_DIA_sample224.raw,ftp://ftp.pride.ebi.ac.uk/pride/data/archive/2022/03/PXD023201/20190925_QX0_AsJa_SA_AMLpatientsLFQProteome_DIA_sample224.raw,RAW,-,F169,Discovery,PXD023201,F169,
70,20190925_QX0_AsJa_SA_AMLpatientsLFQProteome_DIA_sample194.raw,ftp://ftp.pride.ebi.ac.uk/pride/data/archive/2022/03/PXD023201/20190925_QX0_AsJa_SA_AMLpatientsLFQProteome_DIA_sample194.raw,RAW,-,F168,Discovery,PXD023201,F168,
69,20190925_QX0_AsJa_SA_AMLpatientsLFQProteome_DIA_sample195.raw,ftp://ftp.pride.ebi.ac.uk/pride/data/archive/2022/03/PXD023201/20190925_QX0_AsJa_SA_AMLpatientsLFQProteome_DIA_sample195.raw,RAW,-,F167,Discovery,PXD023201,F167,
68,20190925_QX0_AsJa_SA_AMLpatientsLFQProteome_DIA_sample176.raw,ftp://ftp.pride.ebi.ac.uk/pride/data/archive/2022/03/PXD023201/20190925_QX0_AsJa_SA_AMLpatientsLFQProteome_DIA_sample176.raw,RAW,-,F166,Discovery,PXD023201,F166,
191,20190925_QX0_AsJa_SA_AMLpatientsLFQProteome_DIA_sample175.raw,ftp://ftp.pride.ebi.ac.uk/pride/data/archive/2022/03/PXD023201/20190925_QX0_AsJa_SA_AMLpatientsLFQProteome_DIA_sample175.raw,RAW,-,F165,Discovery,PXD023201,F165,raw file annotation unclear
67,20190925_QX0_AsJa_SA_AMLpatientsLFQProteome_DIA_sample209.raw,ftp://ftp.pride.ebi.ac.uk/pride/data/archive/2022/03/PXD023201/20190925_QX0_AsJa_SA_AMLpatientsLFQProteome_DIA_sample209.raw,RAW,-,F163,Discovery,PXD023201,F163,
66,20190925_QX0_AsJa_SA_AMLpatientsLFQProteome_DIA_sample173.raw,ftp://ftp.pride.ebi.ac.uk/pride/data/archive/2022/03/PXD023201/20190925_QX0_AsJa_SA_AMLpatientsLFQProteome_DIA_sample173.raw,RAW,-,F162,Discovery,PXD023201,F162,
65,20190925_QX0_AsJa_SA_AMLpatientsLFQProteome_DIA_sample190.raw,ftp://ftp.pride.ebi.ac.uk/pride/data/archive/2022/03/PXD023201/20190925_QX0_AsJa_SA_AMLpatientsLFQProteome_DIA_sample190.raw,RAW,-,F161,Discovery,PXD023201,F161,
64,20190925_QX0_AsJa_SA_AMLpatientsLFQProteome_DIA_sample206.raw,ftp://ftp.pride.ebi.ac.uk/pride/data/archive/2022/03/PXD023201/20190925_QX0_AsJa_SA_AMLpatientsLFQProteome_DIA_sample206.raw,RAW,-,F160,Discovery,PXD023201,F160,
63,20191126_QX0_AsJa_SA_AMLpatientsLFQProteome_DIA_sample282.raw,ftp://ftp.pride.ebi.ac.uk/pride/data/archive/2022/03/PXD023201/20191126_QX0_AsJa_SA_AMLpatientsLFQProteome_DIA_sample282.raw,RAW,-,F16,Discovery,PXD023201,F16,
61,20190925_QX0_AsJa_SA_AMLpatientsLFQProteome_DIA_sample188.raw,ftp://ftp.pride.ebi.ac.uk/pride/data/archive/2022/03/PXD023201/20190925_QX0_AsJa_SA_AMLpatientsLFQProteome_DIA_sample188.raw,RAW,-,F158,Discovery,PXD023201,F158,
60,20190925_QX0_AsJa_SA_AMLpatientsLFQProteome_DIA_sample187.raw,ftp://ftp.pride.ebi.ac.uk/pride/data/archive/2022/03/PXD023201/20190925_QX0_AsJa_SA_AMLpatientsLFQProteome_DIA_sample187.raw,RAW,-,F157,Discovery,PXD023201,F157,
59,20190925_QX0_AsJa_SA_AMLpatientsLFQProteome_DIA_sample189.raw,ftp://ftp.pride.ebi.ac.uk/pride/data/archive/2022/03/PXD023201/20190925_QX0_AsJa_SA_AMLpatientsLFQProteome_DIA_sample189.raw,RAW,-,F156,Discovery,PXD023201,F156,
57,20190925_QX0_AsJa_SA_AMLpatientsLFQProteome_DIA_sample185.raw,ftp://ftp.pride.ebi.ac.uk/pride/data/archive/2022/03/PXD023201/20190925_QX0_AsJa_SA_AMLpatientsLFQProteome_DIA_sample185.raw,RAW,-,F154,Discovery,PXD023201,F154,
56,20190925_QX0_AsJa_SA_AMLpatientsLFQProteome_DIA_sample180.raw,ftp://ftp.pride.ebi.ac.uk/pride/data/archive/2022/03/PXD023201/20190925_QX0_AsJa_SA_AMLpatientsLFQProteome_DIA_sample180.raw,RAW,-,F152,Discovery,PXD023201,F152,
55,20190925_QX0_AsJa_SA_AMLpatientsLFQProteome_DIA_sample184.raw,ftp://ftp.pride.ebi.ac.uk/pride/data/archive/2022/03/PXD023201/20190925_QX0_AsJa_SA_AMLpatientsLFQProteome_DIA_sample184.raw,RAW,-,F151,Discovery,PXD023201,F151,
54,20190925_QX0_AsJa_SA_AMLpatientsLFQProteome_DIA_sample183.raw,ftp://ftp.pride.ebi.ac.uk/pride/data/archive/2022/03/PXD023201/20190925_QX0_AsJa_SA_AMLpatientsLFQProteome_DIA_sample183.raw,RAW,-,F150,Discovery,PXD023201,F150,
53,20191126_QX0_AsJa_SA_AMLpatientsLFQProteome_DIA_sample349.raw,ftp://ftp.pride.ebi.ac.uk/pride/data/archive/2022/03/PXD023201/20191126_QX0_AsJa_SA_AMLpatientsLFQProteome_DIA_sample349.raw,RAW,-,F15,Discovery,PXD023201,F15,
52,20190925_QX0_AsJa_SA_AMLpatientsLFQProteome_DIA_sample220.raw,ftp://ftp.pride.ebi.ac.uk/pride/data/archive/2022/03/PXD023201/20190925_QX0_AsJa_SA_AMLpatientsLFQProteome_DIA_sample220.raw,RAW,-,F149,Discovery,PXD023201,F149,
50,20190919_QX0_AsJa_SA_AMLpatientsLFQProteome_DIA_sample170.raw,ftp://ftp.pride.ebi.ac.uk/pride/data/archive/2022/03/PXD023201/20190919_QX0_AsJa_SA_AMLpatientsLFQProteome_DIA_sample170.raw,RAW,-,F146,Discovery,PXD023201,F146,
49,20190919_QX0_AsJa_SA_AMLpatientsLFQProteome_DIA_sample169.raw,ftp://ftp.pride.ebi.ac.uk/pride/data/archive/2022/03/PXD023201/20190919_QX0_AsJa_SA_AMLpatientsLFQProteome_DIA_sample169.raw,RAW,-,F145,Discovery,PXD023201,F145,
43,20190919_QX0_AsJa_SA_AMLpatientsLFQProteome_DIA_sample136.raw,ftp://ftp.pride.ebi.ac.uk/pride/data/archive/2022/03/PXD023201/20190919_QX0_AsJa_SA_AMLpatientsLFQProteome_DIA_sample136.raw,RAW,-,F14,Discovery,PXD023201,F14,
40,20190919_QX0_AsJa_SA_AMLpatientsLFQProteome_DIA_sample162.raw,ftp://ftp.pride.ebi.ac.uk/pride/data/archive/2022/03/PXD023201/20190919_QX0_AsJa_SA_AMLpatientsLFQProteome_DIA_sample162.raw,RAW,-,F137,Discovery,PXD023201,F137,
173,20190919_QX0_AsJa_SA_AMLpatientsLFQProteome_DIA_sample129.raw,ftp://ftp.pride.ebi.ac.uk/pride/data/archive/2022/03/PXD023201/20190919_QX0_AsJa_SA_AMLpatientsLFQProteome_DIA_sample129.raw,RAW,-,F136,Discovery,PXD023201,F136,raw file annotation unclear
37,20190919_QX0_AsJa_SA_AMLpatientsLFQProteome_DIA_sample158.raw,ftp://ftp.pride.ebi.ac.uk/pride/data/archive/2022/03/PXD023201/20190919_QX0_AsJa_SA_AMLpatientsLFQProteome_DIA_sample158.raw,RAW,-,F133,Discovery,PXD023201,F133,
35,20190919_QX0_AsJa_SA_AMLpatientsLFQProteome_DIA_sample154.raw,ftp://ftp.pride.ebi.ac.uk/pride/data/archive/2022/03/PXD023201/20190919_QX0_AsJa_SA_AMLpatientsLFQProteome_DIA_sample154.raw,RAW,-,F131,Discovery,PXD023201,F131,
34,20190919_QX0_AsJa_SA_AMLpatientsLFQProteome_DIA_sample124.raw,ftp://ftp.pride.ebi.ac.uk/pride/data/archive/2022/03/PXD023201/20190919_QX0_AsJa_SA_AMLpatientsLFQProteome_DIA_sample124.raw,RAW,-,F130,Discovery,PXD023201,F130,
33,20191126_QX0_AsJa_SA_AMLpatientsLFQProteome_DIA_sample270.raw,ftp://ftp.pride.ebi.ac.uk/pride/data/archive/2022/03/PXD023201/20191126_QX0_AsJa_SA_AMLpatientsLFQProteome_DIA_sample270.raw,RAW,-,F13,Discovery,PXD023201,F13,
32,20190919_QX0_AsJa_SA_AMLpatientsLFQProteome_DIA_sample123.raw,ftp://ftp.pride.ebi.ac.uk/pride/data/archive/2022/03/PXD023201/20190919_QX0_AsJa_SA_AMLpatientsLFQProteome_DIA_sample123.raw,RAW,-,F128,Discovery,PXD023201,F128,
31,20190919_QX0_AsJa_SA_AMLpatientsLFQProteome_DIA_sample152.raw,ftp://ftp.pride.ebi.ac.uk/pride/data/archive/2022/03/PXD023201/20190919_QX0_AsJa_SA_AMLpatientsLFQProteome_DIA_sample152.raw,RAW,-,F127,Discovery,PXD023201,F127,
29,20190919_QX0_AsJa_SA_AMLpatientsLFQProteome_DIA_sample122.raw,ftp://ftp.pride.ebi.ac.uk/pride/data/archive/2022/03/PXD023201/20190919_QX0_AsJa_SA_AMLpatientsLFQProteome_DIA_sample122.raw,RAW,-,F125,Discovery,PXD023201,F125,
28,20190919_QX0_AsJa_SA_AMLpatientsLFQProteome_DIA_sample121.raw,ftp://ftp.pride.ebi.ac.uk/pride/data/archive/2022/03/PXD023201/20190919_QX0_AsJa_SA_AMLpatientsLFQProteome_DIA_sample121.raw,RAW,-,F124,Discovery,PXD023201,F124,
25,20190919_QX0_AsJa_SA_AMLpatientsLFQProteome_DIA_sample148.raw,ftp://ftp.pride.ebi.ac.uk/pride/data/archive/2022/03/PXD023201/20190919_QX0_AsJa_SA_AMLpatientsLFQProteome_DIA_sample148.raw,RAW,-,F121,Discovery,PXD023201,F121,
22,20190919_QX0_AsJa_SA_AMLpatientsLFQProteome_DIA_sample137.raw,ftp://ftp.pride.ebi.ac.uk/pride/data/archive/2022/03/PXD023201/20190919_QX0_AsJa_SA_AMLpatientsLFQProteome_DIA_sample137.raw,RAW,-,F119,Discovery,PXD023201,F119,
21,20190925_QX0_AsJa_SA_AMLpatientsLFQProteome_DIA_sample119.raw,ftp://ftp.pride.ebi.ac.uk/pride/data/archive/2022/03/PXD023201/20190925_QX0_AsJa_SA_AMLpatientsLFQProteome_DIA_sample119.raw,RAW,-,F118,Discovery,PXD023201,F118,
177,20190919_QX0_AsJa_SA_AMLpatientsLFQProteome_DIA_sample146.raw,ftp://ftp.pride.ebi.ac.uk/pride/data/archive/2022/03/PXD023201/20190919_QX0_AsJa_SA_AMLpatientsLFQProteome_DIA_sample146.raw,RAW,-,F117,Discovery,PXD023201,F117,raw file annotation unclear
20,20190919_QX0_AsJa_SA_AMLpatientsLFQProteome_DIA_sample117.raw,ftp://ftp.pride.ebi.ac.uk/pride/data/archive/2022/03/PXD023201/20190919_QX0_AsJa_SA_AMLpatientsLFQProteome_DIA_sample117.raw,RAW,-,F116,Discovery,PXD023201,F116,
19,20190919_QX0_AsJa_SA_AMLpatientsLFQProteome_DIA_sample116.raw,ftp://ftp.pride.ebi.ac.uk/pride/data/archive/2022/03/PXD023201/20190919_QX0_AsJa_SA_AMLpatientsLFQProteome_DIA_sample116.raw,RAW,-,F115,Discovery,PXD023201,F115,
17,20190925_QX0_AsJa_SA_AMLpatientsLFQProteome_DIA_sample114.raw,ftp://ftp.pride.ebi.ac.uk/pride/data/archive/2022/03/PXD023201/20190925_QX0_AsJa_SA_AMLpatientsLFQProteome_DIA_sample114.raw,RAW,-,F113,Discovery,PXD023201,F113,
16,20190919_QX0_AsJa_SA_AMLpatientsLFQProteome_DIA_sample113.raw,ftp://ftp.pride.ebi.ac.uk/pride/data/archive/2022/03/PXD023201/20190919_QX0_AsJa_SA_AMLpatientsLFQProteome_DIA_sample113.raw,RAW,-,F112,Discovery,PXD023201,F112,
15,20190919_QX0_AsJa_SA_AMLpatientsLFQProteome_DIA_sample144.raw,ftp://ftp.pride.ebi.ac.uk/pride/data/archive/2022/03/PXD023201/20190919_QX0_AsJa_SA_AMLpatientsLFQProteome_DIA_sample144.raw,RAW,-,F111,Discovery,PXD023201,F111,
14,20190919_QX0_AsJa_SA_AMLpatientsLFQProteome_DIA_sample109.raw,ftp://ftp.pride.ebi.ac.uk/pride/data/archive/2022/03/PXD023201/20190919_QX0_AsJa_SA_AMLpatientsLFQProteome_DIA_sample109.raw,RAW,-,F110,Discovery,PXD023201,F110,
12,20190925_QX0_AsJa_SA_AMLpatientsLFQProteome_DIA_sample231.raw,ftp://ftp.pride.ebi.ac.uk/pride/data/archive/2022/03/PXD023201/20190925_QX0_AsJa_SA_AMLpatientsLFQProteome_DIA_sample231.raw,RAW,-,F109,Discovery,PXD023201,F109,
11,20190919_QX0_AsJa_SA_AMLpatientsLFQProteome_DIA_sample108.raw,ftp://ftp.pride.ebi.ac.uk/pride/data/archive/2022/03/PXD023201/20190919_QX0_AsJa_SA_AMLpatientsLFQProteome_DIA_sample108.raw,RAW,-,F108,Discovery,PXD023201,F108,
10,20190925_QX0_AsJa_SA_AMLpatientsLFQProteome_DIA_sample197.raw,ftp://ftp.pride.ebi.ac.uk/pride/data/archive/2022/03/PXD023201/20190925_QX0_AsJa_SA_AMLpatientsLFQProteome_DIA_sample197.raw,RAW,-,F107,Discovery,PXD023201,F107,
9,20190919_QX0_AsJa_SA_AMLpatientsLFQProteome_DIA_sample133.raw,ftp://ftp.pride.ebi.ac.uk/pride/data/archive/2022/03/PXD023201/20190919_QX0_AsJa_SA_AMLpatientsLFQProteome_DIA_sample133.raw,RAW,-,F106,Discovery,PXD023201,F106,
8,20190919_QX0_AsJa_SA_AMLpatientsLFQProteome_DIA_sample107.raw,ftp://ftp.pride.ebi.ac.uk/pride/data/archive/2022/03/PXD023201/20190919_QX0_AsJa_SA_AMLpatientsLFQProteome_DIA_sample107.raw,RAW,-,F105,Discovery,PXD023201,F105,
7,20190919_QX0_AsJa_SA_AMLpatientsLFQProteome_DIA_sample106.raw,ftp://ftp.pride.ebi.ac.uk/pride/data/archive/2022/03/PXD023201/20190919_QX0_AsJa_SA_AMLpatientsLFQProteome_DIA_sample106.raw,RAW,-,F104,Discovery,PXD023201,F104,
6,20190919_QX0_AsJa_SA_AMLpatientsLFQProteome_DIA_sample101.raw,ftp://ftp.pride.ebi.ac.uk/pride/data/archive/2022/03/PXD023201/20190919_QX0_AsJa_SA_AMLpatientsLFQProteome_DIA_sample101.raw,RAW,-,F103,Discovery,PXD023201,F103,
4,20190919_QX0_AsJa_SA_AMLpatientsLFQProteome_DIA_sample105.raw,ftp://ftp.pride.ebi.ac.uk/pride/data/archive/2022/03/PXD023201/20190919_QX0_AsJa_SA_AMLpatientsLFQProteome_DIA_sample105.raw,RAW,-,F101,Discovery,PXD023201,F101,
3,20191126_QX0_AsJa_SA_AMLpatientsLFQProteome_DIA_sample289.raw,ftp://ftp.pride.ebi.ac.uk/pride/data/archive/2022/03/PXD023201/20191126_QX0_AsJa_SA_AMLpatientsLFQProteome_DIA_sample289.raw,RAW,-,F100,Discovery,PXD023201,F100,
2,20191126_QX0_AsJa_SA_AMLpatientsLFQProteome_DIA_sample314.raw,ftp://ftp.pride.ebi.ac.uk/pride/data/archive/2022/03/PXD023201/20191126_QX0_AsJa_SA_AMLpatientsLFQProteome_DIA_sample314.raw,RAW,-,F10,Discovery,PXD023201,F10,
1,20191126_QX0_AsJa_SA_AMLpatientsLFQProteome_DIA_sample343.raw,ftp://ftp.pride.ebi.ac.uk/pride/data/archive/2022/03/PXD023201/20191126_QX0_AsJa_SA_AMLpatientsLFQProteome_DIA_sample343.raw,RAW,-,F1,Discovery,PXD023201,F1,
5,20190919_QX0_AsJa_SA_AMLpatientsLFQProteome_DIA_sample110.raw,ftp://ftp.pride.ebi.ac.uk/pride/data/archive/2022/03/PXD023201/20190919_QX0_AsJa_SA_AMLpatientsLFQProteome_DIA_sample110.raw,RAW,-,F102,Discovery,PXD023201,,
13,20200218_QX4_AsJa_SA_AMLpatientsLFQproteome_DIA_AML334.raw,ftp://ftp.pride.ebi.ac.uk/pride/data/archive/2022/03/PXD023201/20200218_QX4_AsJa_SA_AMLpatientsLFQproteome_DIA_AML334.raw,RAW,-,F11,Discovery,PXD023201,,
18,20190925_QX0_AsJa_SA_AMLpatientsLFQProteome_DIA_sample115.raw,ftp://ftp.pride.ebi.ac.uk/pride/data/archive/2022/03/PXD023201/20190925_QX0_AsJa_SA_AMLpatientsLFQProteome_DIA_sample115.raw,RAW,-,F114,Discovery,PXD023201,,
23,20191126_QX0_AsJa_SA_AMLpatientsLFQProteome_DIA_sample346.raw,ftp://ftp.pride.ebi.ac.uk/pride/data/archive/2022/03/PXD023201/20191126_QX0_AsJa_SA_AMLpatientsLFQProteome_DIA_sample346.raw,RAW,-,F12,Discovery,PXD023201,,
24,20190919_QX0_AsJa_SA_AMLpatientsLFQProteome_DIA_sample147.raw,ftp://ftp.pride.ebi.ac.uk/pride/data/archive/2022/03/PXD023201/20190919_QX0_AsJa_SA_AMLpatientsLFQProteome_DIA_sample147.raw,RAW,-,F120,Discovery,PXD023201,,
26,20200310_QX4_AsJa_SA_AMLpatientsLFQproteome_DIA_AML300.raw,ftp://ftp.pride.ebi.ac.uk/pride/data/archive/2022/03/PXD023201/20200310_QX4_AsJa_SA_AMLpatientsLFQproteome_DIA_AML300.raw,RAW,-,F122,Discovery,PXD023201,,
27,20190919_QX0_AsJa_SA_AMLpatientsLFQProteome_DIA_sample120.raw,ftp://ftp.pride.ebi.ac.uk/pride/data/archive/2022/03/PXD023201/20190919_QX0_AsJa_SA_AMLpatientsLFQProteome_DIA_sample120.raw,RAW,-,F123,Discovery,PXD023201,,
30,20190919_QX0_AsJa_SA_AMLpatientsLFQProteome_DIA_sample151.raw,ftp://ftp.pride.ebi.ac.uk/pride/data/archive/2022/03/PXD023201/20190919_QX0_AsJa_SA_AMLpatientsLFQProteome_DIA_sample151.raw,RAW,-,F126,Discovery,PXD023201,,
244,20191126_QX0_AsJa_SA_AMLpatientsLFQProteome_DIA_sample296.raw,ftp://ftp.pride.ebi.ac.uk/pride/data/archive/2022/03/PXD023201/20191126_QX0_AsJa_SA_AMLpatientsLFQProteome_DIA_sample296.raw,RAW,-,F129,Discovery,PXD023201,,
36,20191126_QX0_AsJa_SA_AMLpatientsLFQProteome_DIA_sample301.raw,ftp://ftp.pride.ebi.ac.uk/pride/data/archive/2022/03/PXD023201/20191126_QX0_AsJa_SA_AMLpatientsLFQProteome_DIA_sample301.raw,RAW,-,F132,Discovery,PXD023201,,
38,20190925_QX0_AsJa_SA_AMLpatientsLFQProteome_DIA_sample196.raw,ftp://ftp.pride.ebi.ac.uk/pride/data/archive/2022/03/PXD023201/20190925_QX0_AsJa_SA_AMLpatientsLFQProteome_DIA_sample196.raw,RAW,-,F134,Discovery,PXD023201,,
39,20190919_QX0_AsJa_SA_AMLpatientsLFQProteome_DIA_sample128.raw,ftp://ftp.pride.ebi.ac.uk/pride/data/archive/2022/03/PXD023201/20190919_QX0_AsJa_SA_AMLpatientsLFQProteome_DIA_sample128.raw,RAW,-,F135,Discovery,PXD023201,,
41,20190919_QX0_AsJa_SA_AMLpatientsLFQProteome_DIA_sample163.raw,ftp://ftp.pride.ebi.ac.uk/pride/data/archive/2022/03/PXD023201/20190919_QX0_AsJa_SA_AMLpatientsLFQProteome_DIA_sample163.raw,RAW,-,F138,Discovery,PXD023201,,
42,20190925_QX0_AsJa_SA_AMLpatientsLFQProteome_DIA_sample191.raw,ftp://ftp.pride.ebi.ac.uk/pride/data/archive/2022/03/PXD023201/20190925_QX0_AsJa_SA_AMLpatientsLFQProteome_DIA_sample191.raw,RAW,-,F139,Discovery,PXD023201,,
44,20190925_QX0_AsJa_SA_AMLpatientsLFQProteome_DIA_sample223.raw,ftp://ftp.pride.ebi.ac.uk/pride/data/archive/2022/03/PXD023201/20190925_QX0_AsJa_SA_AMLpatientsLFQProteome_DIA_sample223.raw,RAW,-,F140,Discovery,PXD023201,,
45,20190925_QX0_AsJa_SA_AMLpatientsLFQProteome_DIA_sample181.raw,ftp://ftp.pride.ebi.ac.uk/pride/data/archive/2022/03/PXD023201/20190925_QX0_AsJa_SA_AMLpatientsLFQProteome_DIA_sample181.raw,RAW,-,F141,Discovery,PXD023201,,
46,20190925_QX0_AsJa_SA_AMLpatientsLFQProteome_DIA_sample182.raw,ftp://ftp.pride.ebi.ac.uk/pride/data/archive/2022/03/PXD023201/20190925_QX0_AsJa_SA_AMLpatientsLFQProteome_DIA_sample182.raw,RAW,-,F142,Discovery,PXD023201,,
47,20190919_QX0_AsJa_SA_AMLpatientsLFQProteome_DIA_sample165.raw,ftp://ftp.pride.ebi.ac.uk/pride/data/archive/2022/03/PXD023201/20190919_QX0_AsJa_SA_AMLpatientsLFQProteome_DIA_sample165.raw,RAW,-,F143,Discovery,PXD023201,,
48,20190919_QX0_AsJa_SA_AMLpatientsLFQProteome_DIA_sample166.raw,ftp://ftp.pride.ebi.ac.uk/pride/data/archive/2022/03/PXD023201/20190919_QX0_AsJa_SA_AMLpatientsLFQProteome_DIA_sample166.raw,RAW,-,F144,Discovery,PXD023201,,
51,20190925_QX0_AsJa_SA_AMLpatientsLFQProteome_DIA_sample171.raw,ftp://ftp.pride.ebi.ac.uk/pride/data/archive/2022/03/PXD023201/20190925_QX0_AsJa_SA_AMLpatientsLFQProteome_DIA_sample171.raw,RAW,-,F148,Discovery,PXD023201,,
58,20190925_QX0_AsJa_SA_AMLpatientsLFQProteome_DIA_sample186.raw,ftp://ftp.pride.ebi.ac.uk/pride/data/archive/2022/03/PXD023201/20190925_QX0_AsJa_SA_AMLpatientsLFQProteome_DIA_sample186.raw,RAW,-,F155,Discovery,PXD023201,,
62,20190925_QX0_AsJa_SA_AMLpatientsLFQProteome_DIA_sample203.raw,ftp://ftp.pride.ebi.ac.uk/pride/data/archive/2022/03/PXD023201/20190925_QX0_AsJa_SA_AMLpatientsLFQProteome_DIA_sample203.raw,RAW,-,F159,Discovery,PXD023201,,
190,20190925_QX0_AsJa_SA_AMLpatientsLFQProteome_DIA_sample174.raw,ftp://ftp.pride.ebi.ac.uk/pride/data/archive/2022/03/PXD023201/20190925_QX0_AsJa_SA_AMLpatientsLFQProteome_DIA_sample174.raw,RAW,-,F164,Discovery,PXD023201,,
73,20190925_QX0_AsJa_SA_AMLpatientsLFQProteome_DIA_sample218.raw,ftp://ftp.pride.ebi.ac.uk/pride/data/archive/2022/03/PXD023201/20190925_QX0_AsJa_SA_AMLpatientsLFQProteome_DIA_sample218.raw,RAW,-,F170,Discovery,PXD023201,,
78,20190925_QX0_AsJa_SA_AMLpatientsLFQProteome_DIA_sample234.raw,ftp://ftp.pride.ebi.ac.uk/pride/data/archive/2022/03/PXD023201/20190925_QX0_AsJa_SA_AMLpatientsLFQProteome_DIA_sample234.raw,RAW,-,F175,Discovery,PXD023201,,
81,20190925_QX0_AsJa_SA_AMLpatientsLFQProteome_DIA_sample201.raw,ftp://ftp.pride.ebi.ac.uk/pride/data/archive/2022/03/PXD023201/20190925_QX0_AsJa_SA_AMLpatientsLFQProteome_DIA_sample201.raw,RAW,-,F178,Discovery,PXD023201,,
84,20200326_QX0_AsJa_SA_AMLpatientsLFQProteome_DIA_AML384.raw,ftp://ftp.pride.ebi.ac.uk/pride/data/archive/2022/03/PXD023201/20200326_QX0_AsJa_SA_AMLpatientsLFQProteome_DIA_AML384.raw,RAW,-,F180,Discovery,PXD023201,,
85,20200326_QX0_AsJa_SA_AMLpatientsLFQProteome_DIA_AML381.raw,ftp://ftp.pride.ebi.ac.uk/pride/data/archive/2022/03/PXD023201/20200326_QX0_AsJa_SA_AMLpatientsLFQProteome_DIA_AML381.raw,RAW,-,F181,Discovery,PXD023201,,
92,20191126_QX0_AsJa_SA_AMLpatientsLFQProteome_DIA_sample287.raw,ftp://ftp.pride.ebi.ac.uk/pride/data/archive/2022/03/PXD023201/20191126_QX0_AsJa_SA_AMLpatientsLFQProteome_DIA_sample287.raw,RAW,-,F24,Discovery,PXD023201,,
98,20200310_QX4_AsJa_SA_AMLpatientsLFQproteome_DIA_AML309.raw,ftp://ftp.pride.ebi.ac.uk/pride/data/archive/2022/03/PXD023201/20200310_QX4_AsJa_SA_AMLpatientsLFQproteome_DIA_AML309.raw,RAW,-,F30,Discovery,PXD023201,,
104,20190919_QX0_AsJa_SA_AMLpatientsLFQProteome_DIA_sample134.raw,ftp://ftp.pride.ebi.ac.uk/pride/data/archive/2022/03/PXD023201/20190919_QX0_AsJa_SA_AMLpatientsLFQProteome_DIA_sample134.raw,RAW,-,F36,Discovery,PXD023201,,
107,20190919_QX0_AsJa_SA_AMLpatientsLFQProteome_DIA_sample140.raw,ftp://ftp.pride.ebi.ac.uk/pride/data/archive/2022/03/PXD023201/20190919_QX0_AsJa_SA_AMLpatientsLFQProteome_DIA_sample140.raw,RAW,-,F39,Discovery,PXD023201,,
109,20190919_QX0_AsJa_SA_AMLpatientsLFQProteome_DIA_sample139.raw,ftp://ftp.pride.ebi.ac.uk/pride/data/archive/2022/03/PXD023201/20190919_QX0_AsJa_SA_AMLpatientsLFQProteome_DIA_sample139.raw,RAW,-,F41,Discovery,PXD023201,,
111,20191126_QX0_AsJa_SA_AMLpatientsLFQProteome_DIA_sample357.raw,ftp://ftp.pride.ebi.ac.uk/pride/data/archive/2022/03/PXD023201/20191126_QX0_AsJa_SA_AMLpatientsLFQProteome_DIA_sample357.raw,RAW,-,F43,Discovery,PXD023201,,
116,20200310_QX4_AsJa_SA_AMLpatientsLFQproteome_DIA_AML365.raw,ftp://ftp.pride.ebi.ac.uk/pride/data/archive/2022/03/PXD023201/20200310_QX4_AsJa_SA_AMLpatientsLFQproteome_DIA_AML365.raw,RAW,-,F48,Discovery,PXD023201,,
133,20200218_QX4_AsJa_SA_AMLpatientsLFQproteome_DIA_AML317.raw,ftp://ftp.pride.ebi.ac.uk/pride/data/archive/2022/03/PXD023201/20200218_QX4_AsJa_SA_AMLpatientsLFQproteome_DIA_AML317.raw,RAW,-,F64,Discovery,PXD023201,,
144,20191126_QX0_AsJa_SA_AMLpatientsLFQProteome_DIA_sample263.raw,ftp://ftp.pride.ebi.ac.uk/pride/data/archive/2022/03/PXD023201/20191126_QX0_AsJa_SA_AMLpatientsLFQProteome_DIA_sample263.raw,RAW,-,F74,Discovery,PXD023201,,
153,20200310_QX4_AsJa_SA_AMLpatientsLFQproteome_DIA_AML380.raw,ftp://ftp.pride.ebi.ac.uk/pride/data/archive/2022/03/PXD023201/20200310_QX4_AsJa_SA_AMLpatientsLFQproteome_DIA_AML380.raw,RAW,-,F82,Discovery,PXD023201,,
157,20191126_QX0_AsJa_SA_AMLpatientsLFQProteome_DIA_sample293.raw,ftp://ftp.pride.ebi.ac.uk/pride/data/archive/2022/03/PXD023201/20191126_QX0_AsJa_SA_AMLpatientsLFQProteome_DIA_sample293.raw,RAW,-,F86,Discovery,PXD023201,,
158,20200326_QX0_AsJa_SA_AMLpatientsLFQProteome_DIA_AML382.raw,ftp://ftp.pride.ebi.ac.uk/pride/data/archive/2022/03/PXD023201/20200326_QX0_AsJa_SA_AMLpatientsLFQProteome_DIA_AML382.raw,RAW,-,F87,Discovery,PXD023201,,
159,20191126_QX0_AsJa_SA_AMLpatientsLFQProteome_DIA_sample312.raw,ftp://ftp.pride.ebi.ac.uk/pride/data/archive/2022/03/PXD023201/20191126_QX0_AsJa_SA_AMLpatientsLFQProteome_DIA_sample312.raw,RAW,-,F88,Discovery,PXD023201,,
171,20190919_QX0_AsJa_SA_AMLpatientsLFQProteome_DIA_sample112.raw,ftp://ftp.pride.ebi.ac.uk/pride/data/archive/2022/03/PXD023201/20190919_QX0_AsJa_SA_AMLpatientsLFQProteome_DIA_sample112.raw,RAW,-,#N/A,#N/A,#N/A,,
172,20190919_QX0_AsJa_SA_AMLpatientsLFQProteome_DIA_sample118.raw,ftp://ftp.pride.ebi.ac.uk/pride/data/archive/2022/03/PXD023201/20190919_QX0_AsJa_SA_AMLpatientsLFQProteome_DIA_sample118.raw,RAW,-,#N/A,#N/A,#N/A,,
174,20190919_QX0_AsJa_SA_AMLpatientsLFQProteome_DIA_sample142.raw,ftp://ftp.pride.ebi.ac.uk/pride/data/archive/2022/03/PXD023201/20190919_QX0_AsJa_SA_AMLpatientsLFQProteome_DIA_sample142.raw,RAW,-,#N/A,#N/A,#N/A,,
175,20190919_QX0_AsJa_SA_AMLpatientsLFQProteome_DIA_sample143.raw,ftp://ftp.pride.ebi.ac.uk/pride/data/archive/2022/03/PXD023201/20190919_QX0_AsJa_SA_AMLpatientsLFQProteome_DIA_sample143.raw,RAW,-,#N/A,#N/A,#N/A,,
176,20190919_QX0_AsJa_SA_AMLpatientsLFQProteome_DIA_sample145.raw,ftp://ftp.pride.ebi.ac.uk/pride/data/archive/2022/03/PXD023201/20190919_QX0_AsJa_SA_AMLpatientsLFQProteome_DIA_sample145.raw,RAW,-,#N/A,#N/A,#N/A,,
178,20190919_QX0_AsJa_SA_AMLpatientsLFQProteome_DIA_sample149.raw,ftp://ftp.pride.ebi.ac.uk/pride/data/archive/2022/03/PXD023201/20190919_QX0_AsJa_SA_AMLpatientsLFQProteome_DIA_sample149.raw,RAW,-,#N/A,#N/A,#N/A,,
179,20190919_QX0_AsJa_SA_AMLpatientsLFQProteome_DIA_sample150.raw,ftp://ftp.pride.ebi.ac.uk/pride/data/archive/2022/03/PXD023201/20190919_QX0_AsJa_SA_AMLpatientsLFQProteome_DIA_sample150.raw,RAW,-,#N/A,#N/A,#N/A,,
180,20190919_QX0_AsJa_SA_AMLpatientsLFQProteome_DIA_sample155.raw,ftp://ftp.pride.ebi.ac.uk/pride/data/archive/2022/03/PXD023201/20190919_QX0_AsJa_SA_AMLpatientsLFQProteome_DIA_sample155.raw,RAW,-,#N/A,#N/A,#N/A,,
181,20190919_QX0_AsJa_SA_AMLpatientsLFQProteome_DIA_sample156.raw,ftp://ftp.pride.ebi.ac.uk/pride/data/archive/2022/03/PXD023201/20190919_QX0_AsJa_SA_AMLpatientsLFQProteome_DIA_sample156.raw,RAW,-,#N/A,#N/A,#N/A,,
182,20190919_QX0_AsJa_SA_AMLpatientsLFQProteome_DIA_sample157.raw,ftp://ftp.pride.ebi.ac.uk/pride/data/archive/2022/03/PXD023201/20190919_QX0_AsJa_SA_AMLpatientsLFQProteome_DIA_sample157.raw,RAW,-,#N/A,#N/A,#N/A,,
183,20190919_QX0_AsJa_SA_AMLpatientsLFQProteome_DIA_sample159.raw,ftp://ftp.pride.ebi.ac.uk/pride/data/archive/2022/03/PXD023201/20190919_QX0_AsJa_SA_AMLpatientsLFQProteome_DIA_sample159.raw,RAW,-,#N/A,#N/A,#N/A,,
184,20190919_QX0_AsJa_SA_AMLpatientsLFQProteome_DIA_sample160.raw,ftp://ftp.pride.ebi.ac.uk/pride/data/archive/2022/03/PXD023201/20190919_QX0_AsJa_SA_AMLpatientsLFQProteome_DIA_sample160.raw,RAW,-,#N/A,#N/A,#N/A,,
185,20190919_QX0_AsJa_SA_AMLpatientsLFQProteome_DIA_sample161.raw,ftp://ftp.pride.ebi.ac.uk/pride/data/archive/2022/03/PXD023201/20190919_QX0_AsJa_SA_AMLpatientsLFQProteome_DIA_sample161.raw,RAW,-,#N/A,#N/A,#N/A,,
186,20190919_QX0_AsJa_SA_AMLpatientsLFQProteome_DIA_sample164.raw,ftp://ftp.pride.ebi.ac.uk/pride/data/archive/2022/03/PXD023201/20190919_QX0_AsJa_SA_AMLpatientsLFQProteome_DIA_sample164.raw,RAW,-,#N/A,#N/A,#N/A,,
187,20190919_QX0_AsJa_SA_AMLpatientsLFQProteome_DIA_sample167.raw,ftp://ftp.pride.ebi.ac.uk/pride/data/archive/2022/03/PXD023201/20190919_QX0_AsJa_SA_AMLpatientsLFQProteome_DIA_sample167.raw,RAW,-,#N/A,#N/A,#N/A,,
188,20190919_QX0_AsJa_SA_AMLpatientsLFQProteome_DIA_sample168.raw,ftp://ftp.pride.ebi.ac.uk/pride/data/archive/2022/03/PXD023201/20190919_QX0_AsJa_SA_AMLpatientsLFQProteome_DIA_sample168.raw,RAW,-,#N/A,#N/A,#N/A,,
189,20190919_QX0_AsJa_SA_AMLpatientsLFQProteome_DIA_sample172.raw,ftp://ftp.pride.ebi.ac.uk/pride/data/archive/2022/03/PXD023201/20190919_QX0_AsJa_SA_AMLpatientsLFQProteome_DIA_sample172.raw,RAW,-,#N/A,#N/A,#N/A,,
192,20190925_QX0_AsJa_SA_AMLpatientsLFQProteome_DIA_sample177.raw,ftp://ftp.pride.ebi.ac.uk/pride/data/archive/2022/03/PXD023201/20190925_QX0_AsJa_SA_AMLpatientsLFQProteome_DIA_sample177.raw,RAW,-,#N/A,#N/A,#N/A,,
193,20190925_QX0_AsJa_SA_AMLpatientsLFQProteome_DIA_sample178.raw,ftp://ftp.pride.ebi.ac.uk/pride/data/archive/2022/03/PXD023201/20190925_QX0_AsJa_SA_AMLpatientsLFQProteome_DIA_sample178.raw,RAW,-,#N/A,#N/A,#N/A,,
194,20190925_QX0_AsJa_SA_AMLpatientsLFQProteome_DIA_sample192.raw,ftp://ftp.pride.ebi.ac.uk/pride/data/archive/2022/03/PXD023201/20190925_QX0_AsJa_SA_AMLpatientsLFQProteome_DIA_sample192.raw,RAW,-,#N/A,#N/A,#N/A,,
195,20190925_QX0_AsJa_SA_AMLpatientsLFQProteome_DIA_sample200.raw,ftp://ftp.pride.ebi.ac.uk/pride/data/archive/2022/03/PXD023201/20190925_QX0_AsJa_SA_AMLpatientsLFQProteome_DIA_sample200.raw,RAW,-,#N/A,#N/A,#N/A,,
196,20190925_QX0_AsJa_SA_AMLpatientsLFQProteome_DIA_sample205.raw,ftp://ftp.pride.ebi.ac.uk/pride/data/archive/2022/03/PXD023201/20190925_QX0_AsJa_SA_AMLpatientsLFQProteome_DIA_sample205.raw,RAW,-,#N/A,#N/A,#N/A,,
197,20190925_QX0_AsJa_SA_AMLpatientsLFQProteome_DIA_sample207.raw,ftp://ftp.pride.ebi.ac.uk/pride/data/archive/2022/03/PXD023201/20190925_QX0_AsJa_SA_AMLpatientsLFQProteome_DIA_sample207.raw,RAW,-,#N/A,#N/A,#N/A,,
198,20190925_QX0_AsJa_SA_AMLpatientsLFQProteome_DIA_sample208.raw,ftp://ftp.pride.ebi.ac.uk/pride/data/archive/2022/03/PXD023201/20190925_QX0_AsJa_SA_AMLpatientsLFQProteome_DIA_sample208.raw,RAW,-,#N/A,#N/A,#N/A,,
199,20190925_QX0_AsJa_SA_AMLpatientsLFQProteome_DIA_sample210.raw,ftp://ftp.pride.ebi.ac.uk/pride/data/archive/2022/03/PXD023201/20190925_QX0_AsJa_SA_AMLpatientsLFQProteome_DIA_sample210.raw,RAW,-,#N/A,#N/A,#N/A,,
200,20190925_QX0_AsJa_SA_AMLpatientsLFQProteome_DIA_sample211.raw,ftp://ftp.pride.ebi.ac.uk/pride/data/archive/2022/03/PXD023201/20190925_QX0_AsJa_SA_AMLpatientsLFQProteome_DIA_sample211.raw,RAW,-,#N/A,#N/A,#N/A,,
201,20190925_QX0_AsJa_SA_AMLpatientsLFQProteome_DIA_sample214.raw,ftp://ftp.pride.ebi.ac.uk/pride/data/archive/2022/03/PXD023201/20190925_QX0_AsJa_SA_AMLpatientsLFQProteome_DIA_sample214.raw,RAW,-,#N/A,#N/A,#N/A,,
202,20190925_QX0_AsJa_SA_AMLpatientsLFQProteome_DIA_sample215.raw,ftp://ftp.pride.ebi.ac.uk/pride/data/archive/2022/03/PXD023201/20190925_QX0_AsJa_SA_AMLpatientsLFQProteome_DIA_sample215.raw,RAW,-,#N/A,#N/A,#N/A,,
203,20190925_QX0_AsJa_SA_AMLpatientsLFQProteome_DIA_sample221.raw,ftp://ftp.pride.ebi.ac.uk/pride/data/archive/2022/03/PXD023201/20190925_QX0_AsJa_SA_AMLpatientsLFQProteome_DIA_sample221.raw,RAW,-,#N/A,#N/A,#N/A,,
204,20190925_QX0_AsJa_SA_AMLpatientsLFQProteome_DIA_sample225.raw,ftp://ftp.pride.ebi.ac.uk/pride/data/archive/2022/03/PXD023201/20190925_QX0_AsJa_SA_AMLpatientsLFQProteome_DIA_sample225.raw,RAW,-,#N/A,#N/A,#N/A,,
205,20190925_QX0_AsJa_SA_AMLpatientsLFQProteome_DIA_sample228.raw,ftp://ftp.pride.ebi.ac.uk/pride/data/archive/2022/03/PXD023201/20190925_QX0_AsJa_SA_AMLpatientsLFQProteome_DIA_sample228.raw,RAW,-,#N/A,#N/A,#N/A,,
206,20190925_QX0_AsJa_SA_AMLpatientsLFQProteome_DIA_sample229.raw,ftp://ftp.pride.ebi.ac.uk/pride/data/archive/2022/03/PXD023201/20190925_QX0_AsJa_SA_AMLpatientsLFQProteome_DIA_sample229.raw,RAW,-,#N/A,#N/A,#N/A,,
207,20190925_QX0_AsJa_SA_AMLpatientsLFQProteome_DIA_sample230.raw,ftp://ftp.pride.ebi.ac.uk/pride/data/archive/2022/03/PXD023201/20190925_QX0_AsJa_SA_AMLpatientsLFQProteome_DIA_sample230.raw,RAW,-,#N/A,#N/A,#N/A,,
208,20190925_QX0_AsJa_SA_AMLpatientsLFQProteome_DIA_sample233.raw,ftp://ftp.pride.ebi.ac.uk/pride/data/archive/2022/03/PXD023201/20190925_QX0_AsJa_SA_AMLpatientsLFQProteome_DIA_sample233.raw,RAW,-,#N/A,#N/A,#N/A,,
209,20190925_QX0_AsJa_SA_AMLpatientsLFQProteome_DIA_sample235.raw,ftp://ftp.pride.ebi.ac.uk/pride/data/archive/2022/03/PXD023201/20190925_QX0_AsJa_SA_AMLpatientsLFQProteome_DIA_sample235.raw,RAW,-,#N/A,#N/A,#N/A,,
210,20191126_QX0_AsJa_SA_AMLpatientsLFQProteome_DIA_sample239.raw,ftp://ftp.pride.ebi.ac.uk/pride/data/archive/2022/03/PXD023201/20191126_QX0_AsJa_SA_AMLpatientsLFQProteome_DIA_sample239.raw,RAW,-,#N/A,#N/A,#N/A,,
211,20191126_QX0_AsJa_SA_AMLpatientsLFQProteome_DIA_sample240.raw,ftp://ftp.pride.ebi.ac.uk/pride/data/archive/2022/03/PXD023201/20191126_QX0_AsJa_SA_AMLpatientsLFQProteome_DIA_sample240.raw,RAW,-,#N/A,#N/A,#N/A,,
212,20191126_QX0_AsJa_SA_AMLpatientsLFQProteome_DIA_sample241.raw,ftp://ftp.pride.ebi.ac.uk/pride/data/archive/2022/03/PXD023201/20191126_QX0_AsJa_SA_AMLpatientsLFQProteome_DIA_sample241.raw,RAW,-,#N/A,#N/A,#N/A,,
213,20191126_QX0_AsJa_SA_AMLpatientsLFQProteome_DIA_sample242.raw,ftp://ftp.pride.ebi.ac.uk/pride/data/archive/2022/03/PXD023201/20191126_QX0_AsJa_SA_AMLpatientsLFQProteome_DIA_sample242.raw,RAW,-,#N/A,#N/A,#N/A,,
214,20191126_QX0_AsJa_SA_AMLpatientsLFQProteome_DIA_sample244.raw,ftp://ftp.pride.ebi.ac.uk/pride/data/archive/2022/03/PXD023201/20191126_QX0_AsJa_SA_AMLpatientsLFQProteome_DIA_sample244.raw,RAW,-,#N/A,#N/A,#N/A,,
215,20191126_QX0_AsJa_SA_AMLpatientsLFQProteome_DIA_sample245.raw,ftp://ftp.pride.ebi.ac.uk/pride/data/archive/2022/03/PXD023201/20191126_QX0_AsJa_SA_AMLpatientsLFQProteome_DIA_sample245.raw,RAW,-,#N/A,#N/A,#N/A,,
216,20191126_QX0_AsJa_SA_AMLpatientsLFQProteome_DIA_sample246.raw,ftp://ftp.pride.ebi.ac.uk/pride/data/archive/2022/03/PXD023201/20191126_QX0_AsJa_SA_AMLpatientsLFQProteome_DIA_sample246.raw,RAW,-,#N/A,#N/A,#N/A,,
217,20191126_QX0_AsJa_SA_AMLpatientsLFQProteome_DIA_sample247.raw,ftp://ftp.pride.ebi.ac.uk/pride/data/archive/2022/03/PXD023201/20191126_QX0_AsJa_SA_AMLpatientsLFQProteome_DIA_sample247.raw,RAW,-,#N/A,#N/A,#N/A,,
218,20191126_QX0_AsJa_SA_AMLpatientsLFQProteome_DIA_sample248.raw,ftp://ftp.pride.ebi.ac.uk/pride/data/archive/2022/03/PXD023201/20191126_QX0_AsJa_SA_AMLpatientsLFQProteome_DIA_sample248.raw,RAW,-,#N/A,#N/A,#N/A,,
219,20191126_QX0_AsJa_SA_AMLpatientsLFQProteome_DIA_sample249.raw,ftp://ftp.pride.ebi.ac.uk/pride/data/archive/2022/03/PXD023201/20191126_QX0_AsJa_SA_AMLpatientsLFQProteome_DIA_sample249.raw,RAW,-,#N/A,#N/A,#N/A,,
220,20191126_QX0_AsJa_SA_AMLpatientsLFQProteome_DIA_sample250.raw,ftp://ftp.pride.ebi.ac.uk/pride/data/archive/2022/03/PXD023201/20191126_QX0_AsJa_SA_AMLpatientsLFQProteome_DIA_sample250.raw,RAW,-,#N/A,#N/A,#N/A,,
221,20191126_QX0_AsJa_SA_AMLpatientsLFQProteome_DIA_sample251.raw,ftp://ftp.pride.ebi.ac.uk/pride/data/archive/2022/03/PXD023201/20191126_QX0_AsJa_SA_AMLpatientsLFQProteome_DIA_sample251.raw,RAW,-,#N/A,#N/A,#N/A,,
222,20191126_QX0_AsJa_SA_AMLpatientsLFQProteome_DIA_sample252.raw,ftp://ftp.pride.ebi.ac.uk/pride/data/archive/2022/03/PXD023201/20191126_QX0_AsJa_SA_AMLpatientsLFQProteome_DIA_sample252.raw,RAW,-,#N/A,#N/A,#N/A,,
223,20191126_QX0_AsJa_SA_AMLpatientsLFQProteome_DIA_sample253.raw,ftp://ftp.pride.ebi.ac.uk/pride/data/archive/2022/03/PXD023201/20191126_QX0_AsJa_SA_AMLpatientsLFQProteome_DIA_sample253.raw,RAW,-,#N/A,#N/A,#N/A,,
224,20191126_QX0_AsJa_SA_AMLpatientsLFQProteome_DIA_sample254.raw,ftp://ftp.pride.ebi.ac.uk/pride/data/archive/2022/03/PXD023201/20191126_QX0_AsJa_SA_AMLpatientsLFQProteome_DIA_sample254.raw,RAW,-,#N/A,#N/A,#N/A,,
225,20191126_QX0_AsJa_SA_AMLpatientsLFQProteome_DIA_sample255.raw,ftp://ftp.pride.ebi.ac.uk/pride/data/archive/2022/03/PXD023201/20191126_QX0_AsJa_SA_AMLpatientsLFQProteome_DIA_sample255.raw,RAW,-,#N/A,#N/A,#N/A,,
226,20191126_QX0_AsJa_SA_AMLpatientsLFQProteome_DIA_sample256.raw,ftp://ftp.pride.ebi.ac.uk/pride/data/archive/2022/03/PXD023201/20191126_QX0_AsJa_SA_AMLpatientsLFQProteome_DIA_sample256.raw,RAW,-,#N/A,#N/A,#N/A,,
227,20191126_QX0_AsJa_SA_AMLpatientsLFQProteome_DIA_sample257.raw,ftp://ftp.pride.ebi.ac.uk/pride/data/archive/2022/03/PXD023201/20191126_QX0_AsJa_SA_AMLpatientsLFQProteome_DIA_sample257.raw,RAW,-,#N/A,#N/A,#N/A,,
228,20191126_QX0_AsJa_SA_AMLpatientsLFQProteome_DIA_sample258.raw,ftp://ftp.pride.ebi.ac.uk/pride/data/archive/2022/03/PXD023201/20191126_QX0_AsJa_SA_AMLpatientsLFQProteome_DIA_sample258.raw,RAW,-,#N/A,#N/A,#N/A,,
229,20191126_QX0_AsJa_SA_AMLpatientsLFQProteome_DIA_sample259.raw,ftp://ftp.pride.ebi.ac.uk/pride/data/archive/2022/03/PXD023201/20191126_QX0_AsJa_SA_AMLpatientsLFQProteome_DIA_sample259.raw,RAW,-,#N/A,#N/A,#N/A,,
230,20191126_QX0_AsJa_SA_AMLpatientsLFQProteome_DIA_sample260.raw,ftp://ftp.pride.ebi.ac.uk/pride/data/archive/2022/03/PXD023201/20191126_QX0_AsJa_SA_AMLpatientsLFQProteome_DIA_sample260.raw,RAW,-,#N/A,#N/A,#N/A,,
231,20191126_QX0_AsJa_SA_AMLpatientsLFQProteome_DIA_sample261.raw,ftp://ftp.pride.ebi.ac.uk/pride/data/archive/2022/03/PXD023201/20191126_QX0_AsJa_SA_AMLpatientsLFQProteome_DIA_sample261.raw,RAW,-,#N/A,#N/A,#N/A,,
232,20191126_QX0_AsJa_SA_AMLpatientsLFQProteome_DIA_sample265.raw,ftp://ftp.pride.ebi.ac.uk/pride/data/archive/2022/03/PXD023201/20191126_QX0_AsJa_SA_AMLpatientsLFQProteome_DIA_sample265.raw,RAW,-,#N/A,#N/A,#N/A,,
233,20191126_QX0_AsJa_SA_AMLpatientsLFQProteome_DIA_sample266.raw,ftp://ftp.pride.ebi.ac.uk/pride/data/archive/2022/03/PXD023201/20191126_QX0_AsJa_SA_AMLpatientsLFQProteome_DIA_sample266.raw,RAW,-,#N/A,#N/A,#N/A,,
234,20191126_QX0_AsJa_SA_AMLpatientsLFQProteome_DIA_sample271.raw,ftp://ftp.pride.ebi.ac.uk/pride/data/archive/2022/03/PXD023201/20191126_QX0_AsJa_SA_AMLpatientsLFQProteome_DIA_sample271.raw,RAW,-,#N/A,#N/A,#N/A,,
235,20191126_QX0_AsJa_SA_AMLpatientsLFQProteome_DIA_sample275.raw,ftp://ftp.pride.ebi.ac.uk/pride/data/archive/2022/03/PXD023201/20191126_QX0_AsJa_SA_AMLpatientsLFQProteome_DIA_sample275.raw,RAW,-,#N/A,#N/A,#N/A,,
236,20191126_QX0_AsJa_SA_AMLpatientsLFQProteome_DIA_sample278.raw,ftp://ftp.pride.ebi.ac.uk/pride/data/archive/2022/03/PXD023201/20191126_QX0_AsJa_SA_AMLpatientsLFQProteome_DIA_sample278.raw,RAW,-,#N/A,#N/A,#N/A,,
238,20191126_QX0_AsJa_SA_AMLpatientsLFQProteome_DIA_sample283.raw,ftp://ftp.pride.ebi.ac.uk/pride/data/archive/2022/03/PXD023201/20191126_QX0_AsJa_SA_AMLpatientsLFQProteome_DIA_sample283.raw,RAW,-,#N/A,#N/A,#N/A,,
239,20191126_QX0_AsJa_SA_AMLpatientsLFQProteome_DIA_sample284.raw,ftp://ftp.pride.ebi.ac.uk/pride/data/archive/2022/03/PXD023201/20191126_QX0_AsJa_SA_AMLpatientsLFQProteome_DIA_sample284.raw,RAW,-,#N/A,#N/A,#N/A,,
240,20191126_QX0_AsJa_SA_AMLpatientsLFQProteome_DIA_sample290.raw,ftp://ftp.pride.ebi.ac.uk/pride/data/archive/2022/03/PXD023201/20191126_QX0_AsJa_SA_AMLpatientsLFQProteome_DIA_sample290.raw,RAW,-,#N/A,#N/A,#N/A,,
241,20191126_QX0_AsJa_SA_AMLpatientsLFQProteome_DIA_sample292.raw,ftp://ftp.pride.ebi.ac.uk/pride/data/archive/2022/03/PXD023201/20191126_QX0_AsJa_SA_AMLpatientsLFQProteome_DIA_sample292.raw,RAW,-,#N/A,#N/A,#N/A,,
242,20191126_QX0_AsJa_SA_AMLpatientsLFQProteome_DIA_sample294.raw,ftp://ftp.pride.ebi.ac.uk/pride/data/archive/2022/03/PXD023201/20191126_QX0_AsJa_SA_AMLpatientsLFQProteome_DIA_sample294.raw,RAW,-,#N/A,#N/A,#N/A,,
243,20191126_QX0_AsJa_SA_AMLpatientsLFQProteome_DIA_sample295.raw,ftp://ftp.pride.ebi.ac.uk/pride/data/archive/2022/03/PXD023201/20191126_QX0_AsJa_SA_AMLpatientsLFQProteome_DIA_sample295.raw,RAW,-,#N/A,#N/A,#N/A,,
245,20191126_QX0_AsJa_SA_AMLpatientsLFQProteome_DIA_sample297.raw,ftp://ftp.pride.ebi.ac.uk/pride/data/archive/2022/03/PXD023201/20191126_QX0_AsJa_SA_AMLpatientsLFQProteome_DIA_sample297.raw,RAW,-,#N/A,#N/A,#N/A,,
246,20191126_QX0_AsJa_SA_AMLpatientsLFQProteome_DIA_sample298.raw,ftp://ftp.pride.ebi.ac.uk/pride/data/archive/2022/03/PXD023201/20191126_QX0_AsJa_SA_AMLpatientsLFQProteome_DIA_sample298.raw,RAW,-,#N/A,#N/A,#N/A,,
247,20191126_QX0_AsJa_SA_AMLpatientsLFQProteome_DIA_sample299.raw,ftp://ftp.pride.ebi.ac.uk/pride/data/archive/2022/03/PXD023201/20191126_QX0_AsJa_SA_AMLpatientsLFQProteome_DIA_sample299.raw,RAW,-,#N/A,#N/A,#N/A,,
248,20191126_QX0_AsJa_SA_AMLpatientsLFQProteome_DIA_sample300.raw,ftp://ftp.pride.ebi.ac.uk/pride/data/archive/2022/03/PXD023201/20191126_QX0_AsJa_SA_AMLpatientsLFQProteome_DIA_sample300.raw,RAW,-,#N/A,#N/A,#N/A,,
249,20191126_QX0_AsJa_SA_AMLpatientsLFQProteome_DIA_sample302.raw,ftp://ftp.pride.ebi.ac.uk/pride/data/archive/2022/03/PXD023201/20191126_QX0_AsJa_SA_AMLpatientsLFQProteome_DIA_sample302.raw,RAW,-,#N/A,#N/A,#N/A,,
250,20191126_QX0_AsJa_SA_AMLpatientsLFQProteome_DIA_sample303.raw,ftp://ftp.pride.ebi.ac.uk/pride/data/archive/2022/03/PXD023201/20191126_QX0_AsJa_SA_AMLpatientsLFQProteome_DIA_sample303.raw,RAW,-,#N/A,#N/A,#N/A,,
251,20191126_QX0_AsJa_SA_AMLpatientsLFQProteome_DIA_sample304.raw,ftp://ftp.pride.ebi.ac.uk/pride/data/archive/2022/03/PXD023201/20191126_QX0_AsJa_SA_AMLpatientsLFQProteome_DIA_sample304.raw,RAW,-,#N/A,#N/A,#N/A,,
252,20191126_QX0_AsJa_SA_AMLpatientsLFQProteome_DIA_sample305.raw,ftp://ftp.pride.ebi.ac.uk/pride/data/archive/2022/03/PXD023201/20191126_QX0_AsJa_SA_AMLpatientsLFQProteome_DIA_sample305.raw,RAW,-,#N/A,#N/A,#N/A,,
253,20191126_QX0_AsJa_SA_AMLpatientsLFQProteome_DIA_sample306.raw,ftp://ftp.pride.ebi.ac.uk/pride/data/archive/2022/03/PXD023201/20191126_QX0_AsJa_SA_AMLpatientsLFQProteome_DIA_sample306.raw,RAW,-,#N/A,#N/A,#N/A,,
254,20191126_QX0_AsJa_SA_AMLpatientsLFQProteome_DIA_sample307.raw,ftp://ftp.pride.ebi.ac.uk/pride/data/archive/2022/03/PXD023201/20191126_QX0_AsJa_SA_AMLpatientsLFQProteome_DIA_sample307.raw,RAW,-,#N/A,#N/A,#N/A,,
255,20191126_QX0_AsJa_SA_AMLpatientsLFQProteome_DIA_sample308.raw,ftp://ftp.pride.ebi.ac.uk/pride/data/archive/2022/03/PXD023201/20191126_QX0_AsJa_SA_AMLpatientsLFQProteome_DIA_sample308.raw,RAW,-,#N/A,#N/A,#N/A,,
256,20191126_QX0_AsJa_SA_AMLpatientsLFQProteome_DIA_sample309.raw,ftp://ftp.pride.ebi.ac.uk/pride/data/archive/2022/03/PXD023201/20191126_QX0_AsJa_SA_AMLpatientsLFQProteome_DIA_sample309.raw,RAW,-,#N/A,#N/A,#N/A,,
257,20191126_QX0_AsJa_SA_AMLpatientsLFQProteome_DIA_sample310.raw,ftp://ftp.pride.ebi.ac.uk/pride/data/archive/2022/03/PXD023201/20191126_QX0_AsJa_SA_AMLpatientsLFQProteome_DIA_sample310.raw,RAW,-,#N/A,#N/A,#N/A,,
258,20191126_QX0_AsJa_SA_AMLpatientsLFQProteome_DIA_sample313.raw,ftp://ftp.pride.ebi.ac.uk/pride/data/archive/2022/03/PXD023201/20191126_QX0_AsJa_SA_AMLpatientsLFQProteome_DIA_sample313.raw,RAW,-,#N/A,#N/A,#N/A,,
259,20191126_QX0_AsJa_SA_AMLpatientsLFQProteome_DIA_sample316.raw,ftp://ftp.pride.ebi.ac.uk/pride/data/archive/2022/03/PXD023201/20191126_QX0_AsJa_SA_AMLpatientsLFQProteome_DIA_sample316.raw,RAW,-,#N/A,#N/A,#N/A,,
260,20191126_QX0_AsJa_SA_AMLpatientsLFQProteome_DIA_sample320.raw,ftp://ftp.pride.ebi.ac.uk/pride/data/archive/2022/03/PXD023201/20191126_QX0_AsJa_SA_AMLpatientsLFQProteome_DIA_sample320.raw,RAW,-,#N/A,#N/A,#N/A,,
261,20191126_QX0_AsJa_SA_AMLpatientsLFQProteome_DIA_sample323.raw,ftp://ftp.pride.ebi.ac.uk/pride/data/archive/2022/03/PXD023201/20191126_QX0_AsJa_SA_AMLpatientsLFQProteome_DIA_sample323.raw,RAW,-,#N/A,#N/A,#N/A,,
263,20191126_QX0_AsJa_SA_AMLpatientsLFQProteome_DIA_sample325.raw,ftp://ftp.pride.ebi.ac.uk/pride/data/archive/2022/03/PXD023201/20191126_QX0_AsJa_SA_AMLpatientsLFQProteome_DIA_sample325.raw,RAW,-,#N/A,#N/A,#N/A,,
264,20191126_QX0_AsJa_SA_AMLpatientsLFQProteome_DIA_sample326.raw,ftp://ftp.pride.ebi.ac.uk/pride/data/archive/2022/03/PXD023201/20191126_QX0_AsJa_SA_AMLpatientsLFQProteome_DIA_sample326.raw,RAW,-,#N/A,#N/A,#N/A,,
265,20191126_QX0_AsJa_SA_AMLpatientsLFQProteome_DIA_sample332.raw,ftp://ftp.pride.ebi.ac.uk/pride/data/archive/2022/03/PXD023201/20191126_QX0_AsJa_SA_AMLpatientsLFQProteome_DIA_sample332.raw,RAW,-,#N/A,#N/A,#N/A,,
266,20191126_QX0_AsJa_SA_AMLpatientsLFQProteome_DIA_sample337.raw,ftp://ftp.pride.ebi.ac.uk/pride/data/archive/2022/03/PXD023201/20191126_QX0_AsJa_SA_AMLpatientsLFQProteome_DIA_sample337.raw,RAW,-,#N/A,#N/A,#N/A,,
267,20191126_QX0_AsJa_SA_AMLpatientsLFQProteome_DIA_sample338.raw,ftp://ftp.pride.ebi.ac.uk/pride/data/archive/2022/03/PXD023201/20191126_QX0_AsJa_SA_AMLpatientsLFQProteome_DIA_sample338.raw,RAW,-,#N/A,#N/A,#N/A,,
268,20191126_QX0_AsJa_SA_AMLpatientsLFQProteome_DIA_sample342.raw,ftp://ftp.pride.ebi.ac.uk/pride/data/archive/2022/03/PXD023201/20191126_QX0_AsJa_SA_AMLpatientsLFQProteome_DIA_sample342.raw,RAW,-,#N/A,#N/A,#N/A,,
269,20191126_QX0_AsJa_SA_AMLpatientsLFQProteome_DIA_sample344.raw,ftp://ftp.pride.ebi.ac.uk/pride/data/archive/2022/03/PXD023201/20191126_QX0_AsJa_SA_AMLpatientsLFQProteome_DIA_sample344.raw,RAW,-,#N/A,#N/A,#N/A,,
270,20191126_QX0_AsJa_SA_AMLpatientsLFQProteome_DIA_sample345.raw,ftp://ftp.pride.ebi.ac.uk/pride/data/archive/2022/03/PXD023201/20191126_QX0_AsJa_SA_AMLpatientsLFQProteome_DIA_sample345.raw,RAW,-,#N/A,#N/A,#N/A,,
271,20191126_QX0_AsJa_SA_AMLpatientsLFQProteome_DIA_sample348.raw,ftp://ftp.pride.ebi.ac.uk/pride/data/archive/2022/03/PXD023201/20191126_QX0_AsJa_SA_AMLpatientsLFQProteome_DIA_sample348.raw,RAW,-,#N/A,#N/A,#N/A,,
272,20191126_QX0_AsJa_SA_AMLpatientsLFQProteome_DIA_sample353.raw,ftp://ftp.pride.ebi.ac.uk/pride/data/archive/2022/03/PXD023201/20191126_QX0_AsJa_SA_AMLpatientsLFQProteome_DIA_sample353.raw,RAW,-,#N/A,#N/A,#N/A,,
273,20191126_QX0_AsJa_SA_AMLpatientsLFQProteome_DIA_sample355.raw,ftp://ftp.pride.ebi.ac.uk/pride/data/archive/2022/03/PXD023201/20191126_QX0_AsJa_SA_AMLpatientsLFQProteome_DIA_sample355.raw,RAW,-,#N/A,#N/A,#N/A,,
274,20191126_QX0_AsJa_SA_AMLpatientsLFQProteome_DIA_sample356.raw,ftp://ftp.pride.ebi.ac.uk/pride/data/archive/2022/03/PXD023201/20191126_QX0_AsJa_SA_AMLpatientsLFQProteome_DIA_sample356.raw,RAW,-,#N/A,#N/A,#N/A,,
275,20191126_QX0_AsJa_SA_AMLpatientsLFQProteome_DIA_sample358.raw,ftp://ftp.pride.ebi.ac.uk/pride/data/archive/2022/03/PXD023201/20191126_QX0_AsJa_SA_AMLpatientsLFQProteome_DIA_sample358.raw,RAW,-,#N/A,#N/A,#N/A,,
276,20191126_QX0_AsJa_SA_AMLpatientsLFQProteome_DIA_sample359.raw,ftp://ftp.pride.ebi.ac.uk/pride/data/archive/2022/03/PXD023201/20191126_QX0_AsJa_SA_AMLpatientsLFQProteome_DIA_sample359.raw,RAW,-,#N/A,#N/A,#N/A,,
277,20191126_QX0_AsJa_SA_AMLpatientsLFQProteome_DIA_sample363.raw,ftp://ftp.pride.ebi.ac.uk/pride/data/archive/2022/03/PXD023201/20191126_QX0_AsJa_SA_AMLpatientsLFQProteome_DIA_sample363.raw,RAW,-,#N/A,#N/A,#N/A,,
278,20191126_QX0_AsJa_SA_AMLpatientsLFQProteome_DIA_sample366.raw,ftp://ftp.pride.ebi.ac.uk/pride/data/archive/2022/03/PXD023201/20191126_QX0_AsJa_SA_AMLpatientsLFQProteome_DIA_sample366.raw,RAW,-,#N/A,#N/A,#N/A,,
279,20191126_QX0_AsJa_SA_AMLpatientsLFQProteome_DIA_sample367.raw,ftp://ftp.pride.ebi.ac.uk/pride/data/archive/2022/03/PXD023201/20191126_QX0_AsJa_SA_AMLpatientsLFQProteome_DIA_sample367.raw,RAW,-,#N/A,#N/A,#N/A,,
280,20191126_QX0_AsJa_SA_AMLpatientsLFQProteome_DIA_sample369.raw,ftp://ftp.pride.ebi.ac.uk/pride/data/archive/2022/03/PXD023201/20191126_QX0_AsJa_SA_AMLpatientsLFQProteome_DIA_sample369.raw,RAW,-,#N/A,#N/A,#N/A,,
281,20191126_QX0_AsJa_SA_AMLpatientsLFQProteome_DIA_sample370.raw,ftp://ftp.pride.ebi.ac.uk/pride/data/archive/2022/03/PXD023201/20191126_QX0_AsJa_SA_AMLpatientsLFQProteome_DIA_sample370.raw,RAW,-,#N/A,#N/A,#N/A,,
282,20191126_QX0_AsJa_SA_AMLpatientsLFQProteome_DIA_sample372.raw,ftp://ftp.pride.ebi.ac.uk/pride/data/archive/2022/03/PXD023201/20191126_QX0_AsJa_SA_AMLpatientsLFQProteome_DIA_sample372.raw,RAW,-,#N/A,#N/A,#N/A,,
283,20191126_QX0_AsJa_SA_AMLpatientsLFQProteome_DIA_sample373.raw,ftp://ftp.pride.ebi.ac.uk/pride/data/archive/2022/03/PXD023201/20191126_QX0_AsJa_SA_AMLpatientsLFQProteome_DIA_sample373.raw,RAW,-,#N/A,#N/A,#N/A,,
284,20191126_QX0_AsJa_SA_AMLpatientsLFQProteome_DIA_sample375.raw,ftp://ftp.pride.ebi.ac.uk/pride/data/archive/2022/03/PXD023201/20191126_QX0_AsJa_SA_AMLpatientsLFQProteome_DIA_sample375.raw,RAW,-,#N/A,#N/A,#N/A,,
285,20200218_QX4_AsJa_SA_AMLpatientsLFQproteome_DIA_AML141.raw,ftp://ftp.pride.ebi.ac.uk/pride/data/archive/2022/03/PXD023201/20200218_QX4_AsJa_SA_AMLpatientsLFQproteome_DIA_AML141.raw,RAW,-,#N/A,#N/A,#N/A,,
286,20200218_QX4_AsJa_SA_AMLpatientsLFQproteome_DIA_AML272.raw,ftp://ftp.pride.ebi.ac.uk/pride/data/archive/2022/03/PXD023201/20200218_QX4_AsJa_SA_AMLpatientsLFQproteome_DIA_AML272.raw,RAW,-,#N/A,#N/A,#N/A,,
287,20200218_QX4_AsJa_SA_AMLpatientsLFQproteome_DIA_AML331.raw,ftp://ftp.pride.ebi.ac.uk/pride/data/archive/2022/03/PXD023201/20200218_QX4_AsJa_SA_AMLpatientsLFQproteome_DIA_AML331.raw,RAW,-,#N/A,#N/A,#N/A,,
288,20200310_QX4_AsJa_SA_AMLpatientsLFQproteome_DIA_AML233.raw,ftp://ftp.pride.ebi.ac.uk/pride/data/archive/2022/03/PXD023201/20200310_QX4_AsJa_SA_AMLpatientsLFQproteome_DIA_AML233.raw,RAW,-,#N/A,#N/A,#N/A,,
289,20200310_QX4_AsJa_SA_AMLpatientsLFQproteome_DIA_AML294.raw,ftp://ftp.pride.ebi.ac.uk/pride/data/archive/2022/03/PXD023201/20200310_QX4_AsJa_SA_AMLpatientsLFQproteome_DIA_AML294.raw,RAW,-,#N/A,#N/A,#N/A,,
290,20200310_QX4_AsJa_SA_AMLpatientsLFQproteome_DIA_AML298.raw,ftp://ftp.pride.ebi.ac.uk/pride/data/archive/2022/03/PXD023201/20200310_QX4_AsJa_SA_AMLpatientsLFQproteome_DIA_AML298.raw,RAW,-,#N/A,#N/A,#N/A,,
291,20200310_QX4_AsJa_SA_AMLpatientsLFQproteome_DIA_AML299.raw,ftp://ftp.pride.ebi.ac.uk/pride/data/archive/2022/03/PXD023201/20200310_QX4_AsJa_SA_AMLpatientsLFQproteome_DIA_AML299.raw,RAW,-,#N/A,#N/A,#N/A,,
292,20200310_QX4_AsJa_SA_AMLpatientsLFQproteome_DIA_AML302.raw,ftp://ftp.pride.ebi.ac.uk/pride/data/archive/2022/03/PXD023201/20200310_QX4_AsJa_SA_AMLpatientsLFQproteome_DIA_AML302.raw,RAW,-,#N/A,#N/A,#N/A,,
293,20200310_QX4_AsJa_SA_AMLpatientsLFQproteome_DIA_AML304.raw,ftp://ftp.pride.ebi.ac.uk/pride/data/archive/2022/03/PXD023201/20200310_QX4_AsJa_SA_AMLpatientsLFQproteome_DIA_AML304.raw,RAW,-,#N/A,#N/A,#N/A,,
294,20200310_QX4_AsJa_SA_AMLpatientsLFQproteome_DIA_AML305.raw,ftp://ftp.pride.ebi.ac.uk/pride/data/archive/2022/03/PXD023201/20200310_QX4_AsJa_SA_AMLpatientsLFQproteome_DIA_AML305.raw,RAW,-,#N/A,#N/A,#N/A,,
295,20200310_QX4_AsJa_SA_AMLpatientsLFQproteome_DIA_AML307.raw,ftp://ftp.pride.ebi.ac.uk/pride/data/archive/2022/03/PXD023201/20200310_QX4_AsJa_SA_AMLpatientsLFQproteome_DIA_AML307.raw,RAW,-,#N/A,#N/A,#N/A,,
296,20200310_QX4_AsJa_SA_AMLpatientsLFQproteome_DIA_AML310.raw,ftp://ftp.pride.ebi.ac.uk/pride/data/archive/2022/03/PXD023201/20200310_QX4_AsJa_SA_AMLpatientsLFQproteome_DIA_AML310.raw,RAW,-,#N/A,#N/A,#N/A,,
297,20200310_QX4_AsJa_SA_AMLpatientsLFQproteome_DIA_AML359.raw,ftp://ftp.pride.ebi.ac.uk/pride/data/archive/2022/03/PXD023201/20200310_QX4_AsJa_SA_AMLpatientsLFQproteome_DIA_AML359.raw,RAW,-,#N/A,#N/A,#N/A,,
298,20200310_QX4_AsJa_SA_AMLpatientsLFQproteome_DIA_AML373.raw,ftp://ftp.pride.ebi.ac.uk/pride/data/archive/2022/03/PXD023201/20200310_QX4_AsJa_SA_AMLpatientsLFQproteome_DIA_AML373.raw,RAW,-,#N/A,#N/A,#N/A,,